OBJECTID,STATEFP,COUNTYFP,TRACTCE,GEOID,NAME,NAMELSAD,MTFCC,FUNCSTAT,ALAND,AWATER,INTPTLAT,INTPTLON,DP05_0001E,DP05_0002E,DP05_0003E,DP05_0004E,DP05_0005E,DP05_0006E,DP05_0007E,DP05_0008E,DP05_0009E,DP05_0010E,DP05_0011E,DP05_0012E,DP05_0013E,DP05_0014E,DP05_0015E,DP05_0016E,DP05_0017E,DP05_0018E,DP05_0019E,DP05_0020E,DP05_0021E,DP05_0022E,DP05_0023E,DP05_0024E,DP05_0025E,DP05_0026E,DP05_0027E,DP05_0028E,DP05_0029E,DP05_0030E,DP05_0031E,DP05_0032E,DP05_0033E,DP05_0034E,DP05_0035E,DP05_0036E,DP05_0037E,DP05_0038E,DP05_0039E,DP05_0040E,DP05_0041E,DP05_0042E,DP05_0043E,DP05_0044E,DP05_0045E,DP05_0046E,DP05_0047E,DP05_0048E,DP05_0049E,DP05_0050E,DP05_0051E,DP05_0052E,DP05_0053E,DP05_0054E,DP05_0055E,DP05_0056E,DP05_0057E,DP05_0058E,DP05_0059E,DP05_0060E,DP05_0061E,DP05_0062E,DP05_0063E,DP05_0064E,DP05_0065E,DP05_0066E,DP05_0067E,DP05_0068E,DP05_0069E,DP05_0070E,DP05_0071E,DP05_0072E,DP05_0073E,DP05_0074E,DP05_0075E,DP05_0076E,DP05_0077E,DP05_0078E,DP05_0079E,DP05_0080E,DP05_0081E,DP05_0082E,DP05_0083E,DP05_0084E,DP05_0085E,DP05_0086E,DP05_0087E,DP05_0088E,DP05_0089E,GIS_ID,SHAPEAREA,SHAPELEN
1,11,001,009505,11001009505,95.05,Census Tract 95.05,G5020,S,1032228,0,+38.9618979,-077.0052019,3721,1787,1934,92.4,58,259,164,147,118,785,526,423,427,155,238,217,204,41.5,628,3203,3093,3088,752,659,3093,1418,1675,84.7,659,237,422,56.2,3721,3580,141,3580,426,2839,19,0,0,0,0,27,0,0,0,0,0,18,9,0,0,0,0,0,269,141,72,0,12,0,3721,532,2968,41,63,11,269,3721,347,78,5,11,253,3374,425,2834,19,27,0,9,60,0,60,1601,2865,1302,1563,ACS_Demographic_DC_CensusTract_32,0,0
2,11,001,001902,11001001902,19.02,Census Tract 19.02,G5020,S,877350,0,+38.9639299,-077.0156458,2544,1199,1345,89.1,106,126,93,100,96,293,444,438,201,191,257,118,81,45.3,402,2201,2142,2086,585,456,2142,1004,1138,88.2,456,173,283,61.1,2544,2412,132,2412,679,1458,0,0,0,0,0,25,0,6,19,0,0,0,0,0,0,0,0,0,250,132,57,14,37,4,2544,802,1539,33,67,0,250,2544,638,13,138,0,487,1906,428,1376,0,25,0,0,77,0,77,863,1858,919,939,ACS_Demographic_DC_CensusTract_168,0,0
3,11,001,001901,11001001901,19.01,Census Tract 19.01,G5020,S,769306,0,+38.9646853,-077.0236327,4183,2001,2182,91.7,218,249,221,192,172,666,792,681,214,178,301,212,87,37.9,803,3465,3380,3253,744,600,3380,1617,1763,91.7,600,180,420,42.9,4183,4103,80,4103,1211,2520,0,0,0,0,0,127,0,118,0,0,0,0,9,0,0,0,0,0,245,80,43,10,18,0,4183,1282,2572,10,154,0,245,4183,738,361,111,0,266,3445,803,2430,0,127,0,26,59,0,59,1627,3053,1417,1636,ACS_Demographic_DC_CensusTract_167,0,0
4,11,001,001100,11001001100,11,Census Tract 11,G5020,S,1676650,0,+38.9572432,-077.0776732,4823,2123,2700,78.6,326,271,287,118,149,507,812,684,407,230,526,400,106,43.9,995,3907,3828,3812,1169,1032,3828,1584,2244,70.6,1032,400,632,63.3,4823,4699,124,4699,4098,235,44,44,0,0,0,285,90,151,35,9,0,0,0,15,15,0,0,0,22,124,0,0,102,0,4823,4222,235,44,387,15,44,4823,342,51,108,0,183,4481,3800,235,44,285,15,0,102,0,102,2254,3591,1427,2164,ACS_Demographic_DC_CensusTract_160,0,0
5,11,001,001402,11001001402,14.02,Census Tract 14.02,G5020,S,895209,0,+38.9606051,-077.0630933,3370,1564,1806,86.6,365,166,229,54,56,308,547,536,108,102,268,293,338,43.8,798,2610,2572,2556,957,899,2572,1153,1419,81.3,899,352,547,64.4,3370,3234,136,3234,2494,343,0,0,0,0,0,203,26,54,0,28,11,44,40,16,0,16,0,0,178,136,60,10,46,0,3370,2620,413,10,259,26,178,3370,600,70,46,135,349,2770,2124,327,0,203,16,8,92,0,92,1600,2325,1064,1261,ACS_Demographic_DC_CensusTract_98,0,0
6,11,001,001301,11001001301,13.01,Census Tract 13.01,G5020,S,2855960,26550,+38.9519215,-077.0520508,4334,1969,2365,83.3,214,233,230,118,257,1145,569,598,127,158,423,168,94,34.7,744,3627,3590,3458,790,685,3590,1575,2015,78.2,685,285,400,71.3,4334,4215,119,4215,3179,650,0,0,0,0,0,386,116,21,10,14,13,190,22,0,0,0,0,0,0,119,94,0,16,1,4334,3289,753,1,410,0,0,4334,346,62,0,0,284,3988,2843,650,0,376,0,0,119,0,119,2062,3175,1375,1800,ACS_Demographic_DC_CensusTract_94,0,0
7,11,001,009507,11001009507,95.07,Census Tract 95.07,G5020,S,295290,0,+38.9584945,-076.9977787,1991,978,1013,96.5,215,101,95,104,139,374,303,138,106,133,63,181,39,34.7,451,1563,1540,1441,371,283,1540,746,794,94,283,62,221,28.1,1991,1959,32,1959,277,1465,0,0,0,0,0,3,0,0,3,0,0,0,0,0,0,0,0,0,214,32,12,5,0,15,1991,294,1492,20,3,0,214,1991,411,0,18,0,393,1580,80,1465,0,3,0,0,32,0,32,604,1317,585,732,ACS_Demographic_DC_CensusTract_42,0,0
8,11,001,002002,11001002002,20.02,Census Tract 20.02,G5020,S,849376,0,+38.9525009,-077.0310824,4781,2505,2276,110.1,431,286,296,182,299,954,654,643,222,214,383,135,82,34.6,1142,3726,3639,3586,712,600,3639,1760,1879,93.7,600,222,378,58.7,4781,4506,275,4506,1146,2350,11,0,0,11,0,104,10,8,0,0,0,61,25,0,0,0,0,0,895,275,63,0,14,0,4781,1292,2558,11,246,0,1018,4781,1261,185,44,0,1032,3520,903,2350,11,104,0,0,152,0,152,1448,3192,1515,1677,ACS_Demographic_DC_CensusTract_174,0,0
9,11,001,002101,11001002101,21.01,Census Tract 21.01,G5020,S,600992,0,+38.9559119,-077.0241312,5531,2778,2753,100.9,596,381,257,155,186,1051,595,806,454,257,583,145,65,37.2,1277,4297,4254,4017,991,793,4254,2146,2108,101.8,793,336,457,73.5,5531,5373,158,5373,861,3651,33,0,0,33,0,114,0,30,84,0,0,0,0,0,0,0,0,0,714,158,33,0,22,17,5531,1002,3725,50,160,0,776,5531,1154,64,207,0,883,4377,657,3477,33,114,0,0,96,0,96,2222,3397,1646,1751,ACS_Demographic_DC_CensusTract_175,0,0
10,11,001,001001,11001001001,10.01,Census Tract 10.01,G5020,S,2454383,0,+38.9489546,-077.0884650,7213,3542,3671,96.5,465,594,492,336,335,544,1010,1164,340,425,836,490,182,44,1766,5609,5447,5246,1801,1508,5447,2565,2882,89,1508,724,784,92.3,7213,6857,356,6857,6037,268,0,0,0,0,0,455,134,163,81,0,0,0,77,0,0,0,0,0,97,356,12,0,260,63,7213,6309,343,63,736,0,118,7213,446,112,40,0,294,6767,5666,268,0,455,0,22,356,21,335,2835,4987,2311,2676,ACS_Demographic_DC_CensusTract_151,0,0
11,11,001,002600,11001002600,26,Census Tract 26,G5020,S,2112431,62622,+38.9464323,-077.0404553,2652,1280,1372,93.3,278,135,92,22,66,538,325,347,196,172,290,88,103,39.7,519,2147,2133,2125,596,481,2133,1051,1082,97.1,481,182,299,60.9,2652,2572,80,2572,1270,798,9,0,0,0,0,172,35,5,62,35,7,0,28,13,13,0,0,0,310,80,0,7,35,0,2652,1312,836,16,227,13,348,2652,468,26,27,36,379,2184,1124,790,9,172,13,16,60,0,60,993,1851,904,947,ACS_Demographic_DC_CensusTract_100,0,0
12,11,001,002102,11001002102,21.02,Census Tract 21.02,G5020,S,725975,0,+38.9557854,-077.0142356,5660,2617,3043,86,400,192,322,334,235,1061,961,684,354,317,384,219,197,38.4,1178,4700,4482,4402,952,800,4482,2131,2351,90.6,800,250,550,45.5,5660,5425,235,5425,950,3428,114,0,0,0,0,40,15,8,0,0,17,0,0,0,0,0,0,0,893,235,79,0,9,47,5660,1066,3654,234,104,77,893,5660,1348,132,11,17,1188,4312,637,3428,35,40,0,0,172,0,172,2231,3999,1962,2037,ACS_Demographic_DC_CensusTract_12,0,0
13,11,001,009508,11001009508,95.08,Census Tract 95.08,G5020,S,933194,0,+38.9538806,-076.9984470,3754,1762,1992,88.5,72,132,287,117,182,629,329,542,213,398,318,330,205,47.3,541,3263,3213,3121,1086,853,3213,1508,1705,88.4,853,298,555,53.7,3754,3572,182,3572,360,2868,69,69,0,0,0,50,0,0,36,0,0,0,14,0,0,0,0,0,225,182,27,0,0,51,3754,451,3011,175,75,0,264,3754,406,1,0,14,391,3348,273,2857,69,50,0,0,99,0,99,1799,3002,1413,1589,ACS_Demographic_DC_CensusTract_43,0,0
14,11,001,009503,11001009503,95.03,Census Tract 95.03,G5020,S,1423608,0,+38.9434458,-076.9845276,3182,1417,1765,80.3,219,109,146,123,221,233,583,358,189,263,394,240,104,43.6,537,2708,2645,2582,891,738,2645,1151,1494,77,738,277,461,60.1,3182,3127,55,3127,847,2242,0,0,0,0,0,38,0,30,8,0,0,0,0,0,0,0,0,0,0,55,0,0,39,0,3182,902,2249,7,77,0,9,3182,56,24,26,0,6,3126,800,2242,0,38,0,0,46,0,46,1268,2598,1148,1450,ACS_Demographic_DC_CensusTract_30,0,0
15,11,001,009501,11001009501,95.01,Census Tract 95.01,G5020,S,1590019,0,+38.9418428,-077.0029522,7368,3783,3585,105.5,567,491,215,1502,1157,1164,672,717,260,122,307,150,44,22.3,1497,5980,5871,4072,604,501,5871,2779,3092,89.9,501,218,283,77,7368,7143,225,7143,2055,3466,15,0,0,0,0,240,70,50,86,0,4,13,17,4,4,0,0,0,1363,225,131,0,55,1,7368,2270,3611,27,312,26,1388,7368,1986,233,74,37,1642,5382,1830,3203,15,234,4,0,96,0,96,1991,4774,2184,2590,ACS_Demographic_DC_CensusTract_29,0,0
16,11,001,009509,11001009509,95.09,Census Tract 95.09,G5020,S,648848,0,+38.9492140,-076.9950319,3412,1618,1794,90.2,349,112,233,155,97,417,401,572,137,256,244,251,188,42.1,760,2718,2652,2537,884,683,2652,1118,1534,72.9,683,198,485,40.8,3412,3326,86,3326,387,2688,0,0,0,0,0,0,0,0,0,0,0,0,0,0,0,0,0,0,251,86,66,0,0,0,3412,453,2760,0,20,0,265,3412,285,70,0,0,215,3127,328,2633,0,0,0,80,86,14,72,1313,2468,1006,1462,ACS_Demographic_DC_CensusTract_44,0,0
17,11,001,002202,11001002202,22.02,Census Tract 22.02,G5020,S,693961,566,+38.9479653,-077.0118821,3332,1758,1574,111.7,379,180,115,149,155,772,521,386,116,196,243,87,33,34,757,2627,2575,2454,457,363,2575,1279,1296,98.7,363,140,223,62.8,3332,3219,113,3219,737,1792,11,0,0,0,0,24,6,0,0,0,0,18,0,0,0,0,0,0,655,113,82,0,7,0,3332,850,1898,35,31,0,655,3332,845,0,0,0,845,2487,559,1792,11,24,0,0,101,0,101,1490,2214,1104,1110,ACS_Demographic_DC_CensusTract_14,0,0
18,11,001,002201,11001002201,22.01,Census Tract 22.01,G5020,S,415173,0,+38.9491337,-077.0232932,3264,1582,1682,94.1,161,110,78,95,227,691,527,379,353,207,206,143,87,40.3,426,2902,2838,2783,587,436,2838,1358,1480,91.8,436,150,286,52.4,3264,3107,157,3107,1099,1606,20,0,0,0,0,99,50,0,0,0,29,0,20,0,0,0,0,0,283,157,0,0,0,116,3264,1099,1750,149,99,0,324,3264,548,15,0,0,533,2716,877,1591,20,99,0,0,129,13,116,1143,2538,1151,1387,ACS_Demographic_DC_CensusTract_13,0,0
19,11,001,000901,11001000901,9.01,Census Tract 9.01,G5020,S,2952810,75151,+38.9384363,-077.1004240,7270,3234,4036,80.1,181,277,358,2638,706,310,450,652,263,287,580,383,185,20.4,1067,6363,6203,3348,1331,1148,6203,2658,3545,75,1148,556,592,93.9,7270,7060,210,7060,5857,558,20,0,0,0,0,505,117,210,28,7,66,6,71,0,0,0,0,0,120,210,72,7,93,0,7270,6047,647,35,609,0,150,7270,820,140,43,101,536,6450,5220,518,20,505,0,8,179,20,159,1649,5639,2436,3203,ACS_Demographic_DC_CensusTract_89,0,0
20,11,001,001302,11001001302,13.02,Census Tract 13.02,G5020,S,1593506,14706,+38.9420430,-077.0556067,7166,2944,4222,69.7,125,85,12,0,543,2394,1344,655,216,375,628,573,216,38,222,6944,6944,6901,1572,1417,6944,2898,4046,71.6,1417,473,944,50.1,7166,6816,350,6816,5429,692,0,0,0,0,0,344,25,122,89,49,0,0,59,0,0,0,0,0,351,350,24,29,122,0,7166,5631,744,29,614,0,526,7166,949,217,0,0,732,6217,5067,581,0,344,0,22,203,0,203,5216,6112,2498,3614,ACS_Demographic_DC_CensusTract_7,0,0
21,11,001,002501,11001002501,25.01,Census Tract 25.01,G5020,S,543460,0,+38.9446515,-077.0317348,3260,1818,1442,126.1,247,279,150,84,100,789,388,491,168,101,269,109,85,34.7,719,2572,2541,2481,524,463,2541,1368,1173,116.6,463,128,335,38.2,3260,3094,166,3094,828,1380,0,0,0,0,0,58,17,0,10,11,20,0,0,0,0,0,0,0,828,166,26,0,9,0,3260,919,1537,0,96,0,930,3260,1152,80,143,63,866,2108,679,1307,0,47,0,11,64,0,64,1071,1864,844,1020,ACS_Demographic_DC_CensusTract_34,0,0
22,11,001,002301,11001002301,23.01,Census Tract 23.01,G5020,S,412613,0,+38.9425896,-077.0165738,3608,1665,1943,85.7,330,229,133,158,255,510,756,451,244,125,264,79,74,36.7,799,2834,2809,2714,478,417,2809,1277,1532,83.4,417,157,260,60.4,3608,3464,144,3464,1007,1968,0,0,0,0,0,75,35,0,0,0,40,0,0,0,0,0,0,0,414,144,13,5,41,0,3608,1140,2055,79,127,0,425,3608,573,58,32,16,467,3035,920,1879,0,75,0,17,144,11,133,1202,2565,1164,1401,ACS_Demographic_DC_CensusTract_15,0,0
23,11,001,009400,11001009400,94,Census Tract 94,G5020,S,1582882,0,+38.9368061,-076.9742464,5135,2339,2796,83.7,582,260,238,202,183,619,803,730,336,263,530,247,142,41.6,1214,4021,3921,3834,995,919,3921,1880,2041,92.1,919,359,560,64.1,5135,4996,139,4996,910,3899,31,0,0,0,0,86,7,44,0,0,6,29,0,0,0,0,0,0,70,139,43,0,28,8,5135,994,4010,39,153,0,91,5135,150,82,7,0,61,4985,834,3869,31,86,0,26,139,8,131,1832,3803,1830,1973,ACS_Demographic_DC_CensusTract_28,0,0
24,11,001,002400,11001002400,24,Census Tract 24,G5020,S,556235,0,+38.9417839,-077.0224053,4104,1734,2370,73.2,241,156,95,135,222,1054,686,536,287,229,230,132,101,36.5,608,3567,3496,3422,594,463,3496,1508,1988,75.9,463,213,250,85.2,4104,4008,96,4008,1809,1717,0,0,0,0,0,128,55,39,16,0,18,0,0,0,0,0,0,0,354,96,34,0,42,0,4104,1905,1751,0,190,0,374,4104,775,15,0,8,752,3329,1404,1675,0,128,0,26,96,0,96,1531,3183,1320,1863,ACS_Demographic_DC_CensusTract_36,0,0
25,11,001,009504,11001009504,95.04,Census Tract 95.04,G5020,S,1031416,0,+38.9409147,-076.9931092,3424,1608,1816,88.5,221,174,45,159,123,674,464,317,228,198,274,294,253,41.5,520,2981,2904,2794,916,821,2904,1286,1618,79.5,821,225,596,37.8,3424,3366,58,3366,1093,1613,360,0,0,0,0,192,33,0,3,72,0,84,0,0,0,0,0,0,108,58,16,0,42,0,3424,1151,1629,360,234,0,108,3424,498,370,0,10,118,2926,1073,1603,0,192,0,0,58,0,58,1392,2732,1167,1565,ACS_Demographic_DC_CensusTract_31,0,0
26,11,001,001002,11001001002,10.02,Census Tract 10.02,G5020,S,889721,0,+38.9384216,-077.0788872,3428,1398,2030,68.9,198,183,99,69,428,1135,547,285,77,81,78,154,94,30.2,480,2948,2948,2765,358,326,2948,1209,1739,69.5,326,60,266,22.6,3428,3153,275,3153,2630,203,0,0,0,0,0,296,16,131,66,0,0,60,23,0,0,0,0,0,24,275,45,0,141,0,3428,2905,248,0,437,0,113,3428,472,95,31,9,337,2956,2247,203,0,296,0,24,186,0,186,2199,2534,1080,1454,ACS_Demographic_DC_CensusTract_152,0,0
27,11,001,002302,11001002302,23.02,Census Tract 23.02,G5020,S,2010229,5298,+38.9341270,-077.0095843,1612,937,675,138.8,45,40,39,22,139,350,184,69,67,83,145,185,244,44.6,135,1477,1477,1460,623,574,1477,849,628,135.2,574,459,115,399.1,1612,1563,49,1563,675,736,0,0,0,0,0,66,4,43,19,0,0,0,0,0,0,0,0,0,86,49,34,0,0,1,1612,723,779,9,72,6,86,1612,64,27,7,4,26,1548,662,736,0,66,0,35,49,0,49,950,1364,796,568,ACS_Demographic_DC_CensusTract_35,0,0
28,11,001,000600,11001000600,6,Census Tract 6,G5020,S,1442822,71,+38.9368114,-077.0675114,4966,2195,2771,79.2,209,176,317,51,344,638,613,787,323,339,643,325,201,45.8,737,4264,4229,4175,1411,1169,4229,1902,2327,81.7,1169,529,640,82.7,4966,4814,152,4814,3962,385,0,0,0,0,0,334,200,22,0,69,43,0,0,0,0,0,0,0,133,152,0,0,90,14,4966,4100,447,62,424,0,133,4966,674,108,0,110,456,4292,3508,328,0,334,0,32,90,0,90,2256,3931,1745,2186,ACS_Demographic_DC_CensusTract_72,0,0
29,11,001,002502,11001002502,25.02,Census Tract 25.02,G5020,S,603735,0,+38.9390573,-077.0301448,6734,3495,3239,107.9,512,422,84,111,180,2170,1191,498,408,446,401,208,103,34.6,1018,5716,5716,5605,1001,712,5716,3043,2673,113.8,712,302,410,73.7,6734,6383,351,6383,2113,2261,0,0,0,0,0,274,164,0,23,34,42,0,11,0,0,0,0,0,1735,351,165,50,87,0,6734,2444,2464,68,361,0,1766,6734,2324,381,0,70,1873,4410,1731,2122,0,274,0,0,283,0,283,2641,4693,2492,2201,ACS_Demographic_DC_CensusTract_37,0,0
30,11,001,000902,11001000902,9.02,Census Tract 9.02,G5020,S,1867106,307257,+38.9285125,-077.1077517,2416,1160,1256,92.4,122,182,276,123,32,134,341,451,156,136,277,139,47,45,677,1771,1739,1713,556,463,1739,827,912,90.7,463,219,244,89.8,2416,2269,147,2269,2093,113,0,0,0,0,0,60,18,20,0,0,16,6,0,0,0,0,0,0,3,147,40,0,94,0,2416,2240,166,6,161,0,3,2416,302,39,23,7,233,2114,1829,95,0,60,0,0,130,0,130,865,1615,785,830,ACS_Demographic_DC_CensusTract_5,0,0
31,11,001,002701,11001002701,27.01,Census Tract 27.01,G5020,S,452923,0,+38.9344503,-077.0416857,5802,3001,2801,107.1,491,297,240,175,491,1400,1098,525,361,216,288,139,81,33.2,1145,4748,4657,4599,644,508,4657,2422,2235,108.4,508,207,301,68.8,5802,5565,237,5565,2989,1386,44,0,0,0,0,165,16,41,33,0,22,0,53,0,0,0,0,0,981,237,39,20,26,0,5802,3123,1446,113,294,0,1112,5802,1816,236,62,282,1236,3986,2467,1301,18,121,0,0,79,0,79,2649,3826,1889,1937,ACS_Demographic_DC_CensusTract_47,0,0
32,11,001,000801,11001000801,8.01,Census Tract 8.01,G5020,S,2913353,168211,+38.9221746,-077.0918347,6195,2536,3659,69.3,181,491,198,723,516,488,623,763,406,404,1009,322,71,42.7,1119,5234,5076,4303,1719,1402,5076,1945,3131,62.1,1402,491,911,53.9,6195,5944,251,5944,4760,568,0,0,0,0,0,448,174,101,75,14,21,7,56,0,0,0,0,0,168,251,87,12,71,0,6195,5005,661,12,519,0,249,6195,704,102,122,0,480,5491,4308,568,0,445,0,11,159,13,146,2830,4369,1639,2730,ACS_Demographic_DC_CensusTract_9,0,0
33,11,001,002801,11001002801,28.01,Census Tract 28.01,G5020,S,171910,0,+38.9349477,-077.0345166,4048,1883,2165,87,184,142,229,177,319,1320,780,346,160,177,157,47,10,30.3,701,3389,3347,3204,288,214,3347,1467,1880,78,214,154,60,256.7,4048,3890,158,3890,1452,1461,0,0,0,0,0,157,107,11,7,4,0,15,13,0,0,0,0,0,820,158,0,0,15,26,4048,1489,1571,36,211,0,909,4048,1199,221,91,9,878,2849,1197,1374,0,153,0,0,125,56,69,1829,2524,1124,1400,ACS_Demographic_DC_CensusTract_48,0,0
34,11,001,001600,11001001600,16,Census Tract 16,G5020,S,2665663,35624,+38.9849725,-077.0382324,4959,2481,2478,100.1,313,287,338,386,157,417,611,663,384,328,547,390,138,44.7,1249,3951,3710,3634,1224,1075,3710,1862,1848,100.8,1075,544,531,102.4,4959,4685,274,4685,1471,3010,0,0,0,0,0,116,17,8,16,18,8,0,49,0,0,0,0,0,88,274,109,0,5,34,4959,1653,3211,34,168,0,167,4959,370,168,0,0,202,4589,1297,2996,0,116,0,0,180,0,180,1636,3501,1762,1739,ACS_Demographic_DC_CensusTract_79,0,0
35,11,001,001500,11001001500,15,Census Tract 15,G5020,S,4686643,12091,+38.9741576,-077.0558797,6094,3236,2858,113.2,408,533,678,400,63,195,799,856,338,353,874,304,293,44.8,1933,4411,4161,4061,1715,1471,4161,2174,1987,109.4,1471,803,668,120.2,6094,5939,155,5939,5197,603,0,0,0,0,0,139,52,45,0,0,0,29,13,0,0,0,0,0,0,155,48,0,0,0,6094,5281,758,0,246,0,0,6094,435,0,0,72,363,5659,4762,603,0,139,0,0,155,0,155,2137,3903,2013,1890,ACS_Demographic_DC_CensusTract_6,0,0
36,11,001,010300,11001010300,103,Census Tract 103,G5020,S,1084591,0,+38.9761556,-077.0271875,4162,2002,2160,92.7,159,138,214,302,136,700,550,748,456,312,205,110,132,42.7,774,3557,3388,3319,671,447,3388,1641,1747,93.9,447,189,258,73.3,4162,4010,152,4010,914,2163,0,0,0,0,0,57,16,9,26,0,0,6,0,0,0,0,0,0,876,152,83,0,28,0,4162,1049,2270,24,102,17,876,4162,1085,46,123,55,861,3077,786,2137,0,57,0,0,97,0,97,1378,2880,1289,1591,ACS_Demographic_DC_CensusTract_165,0,0
37,11,001,001702,11001001702,17.02,Census Tract 17.02,G5020,S,939292,0,+38.9717231,-077.0160682,3482,1652,1830,90.3,219,146,157,64,142,714,695,375,206,248,329,111,76,39.4,564,2953,2918,2875,595,516,2918,1358,1560,87.1,516,148,368,40.2,3482,3401,81,3401,1933,1331,0,0,0,0,0,23,0,0,0,0,0,0,23,0,0,0,0,0,114,81,9,0,0,31,3482,1956,1412,31,59,0,119,3482,381,97,15,15,254,3101,1669,1325,0,23,0,23,61,0,61,1616,2682,1207,1475,ACS_Demographic_DC_CensusTract_164,0,0
38,11,001,001803,11001001803,18.03,Census Tract 18.03,G5020,S,1136289,31934,+38.9672267,-077.0419399,4231,2208,2023,109.1,500,425,174,144,225,565,866,474,215,193,186,153,111,35.6,1236,3108,2995,2908,569,450,2995,1485,1510,98.3,450,168,282,59.6,4231,4137,94,4137,319,2510,0,0,0,0,0,1,0,0,0,0,0,1,0,0,0,0,0,0,1307,94,0,9,3,34,4231,357,2592,43,30,17,1329,4231,1495,202,34,0,1259,2736,180,2487,0,1,0,22,46,0,46,1739,1835,836,999,ACS_Demographic_DC_CensusTract_119,0,0
39,11,001,001804,11001001804,18.04,Census Tract 18.04,G5020,S,601755,0,+38.9670945,-077.0304334,5894,2651,3243,81.7,659,495,342,121,99,965,933,557,579,419,464,108,153,37.7,1561,4376,4333,4232,992,725,4333,1852,2481,74.6,725,290,435,66.7,5894,5863,31,5863,446,3975,0,0,0,0,0,59,0,0,0,0,11,45,3,0,0,0,0,0,1383,31,0,0,12,0,5894,458,3994,0,90,0,1383,5894,1682,34,0,0,1648,4212,375,3579,0,59,0,168,31,0,31,2264,3333,1451,1882,ACS_Demographic_DC_CensusTract_166,0,0
40,11,001,001401,11001001401,14.01,Census Tract 14.01,G5020,S,788095,0,+38.9653036,-077.0706075,3659,1672,1987,84.1,337,240,271,98,85,442,669,625,91,150,384,213,54,40.1,940,2740,2719,2700,747,651,2719,1269,1450,87.5,651,251,400,62.8,3659,3508,151,3508,2680,265,9,0,0,9,0,316,90,35,159,0,15,1,16,0,0,0,0,0,238,151,36,0,96,0,3659,2831,301,9,412,0,257,3659,585,1,45,11,528,3074,2371,236,9,316,0,10,132,0,132,1457,2345,1166,1179,ACS_Demographic_DC_CensusTract_162,0,0
41,11,001,002001,11001002001,20.01,Census Tract 20.01,G5020,S,632723,1107,+38.9597034,-077.0351061,3490,1636,1854,88.2,448,176,159,190,186,571,383,417,308,257,259,108,28,35.3,937,2639,2553,2473,536,395,2553,1222,1331,91.8,395,176,219,80.4,3490,3425,65,3425,677,1446,0,0,0,0,0,106,25,0,0,0,0,43,38,0,0,0,0,0,1196,65,28,0,13,0,3490,726,1498,0,127,0,1212,3490,1254,124,21,0,1109,2236,397,1419,0,106,0,249,65,8,57,1118,1859,943,916,ACS_Demographic_DC_CensusTract_95,0,0
42,11,001,000300,11001000300,3,Census Tract 3,G5020,S,1010802,2334,+38.9179099,-077.0748728,6585,3024,3561,84.9,503,370,111,76,1139,1804,842,614,271,281,364,210,0,31.2,1025,5601,5560,5453,758,574,5560,2526,3034,83.3,574,208,366,56.8,6585,6466,119,6466,5337,559,0,0,0,0,0,529,107,120,89,39,64,35,75,0,0,0,0,0,41,119,41,0,63,0,6585,5456,600,0,592,0,56,6585,517,70,8,150,289,6068,4820,559,0,529,0,41,119,15,104,2508,5013,2287,2726,ACS_Demographic_DC_CensusTract_62,0,0
43,11,001,008702,11001008702,87.02,Census Tract 87.02,G5020,S,486411,0,+38.9150961,-077.0013085,3337,1310,2027,64.6,153,52,94,82,224,1109,743,320,277,112,106,45,20,34.4,346,3038,2991,2923,225,171,2991,1185,1806,65.6,171,51,120,42.5,3337,3262,75,3262,1352,1661,0,0,0,0,0,160,12,15,6,12,0,28,87,0,0,0,0,0,89,75,27,13,22,0,3337,1427,1688,13,182,0,102,3337,325,158,13,0,154,3012,1130,1651,0,160,0,9,62,0,62,1854,2748,1085,1663,ACS_Demographic_DC_CensusTract_134,0,0
44,11,001,004100,11001004100,41,Census Tract 41,G5020,S,789132,23020,+38.9159337,-077.0516151,2604,1211,1393,86.9,149,47,18,10,76,694,369,250,121,260,454,121,35,41.9,224,2390,2380,2380,749,610,2380,1073,1307,82.1,610,307,303,101.3,2604,2466,138,2466,1981,144,5,0,0,0,0,217,55,27,76,0,31,0,28,0,0,0,0,0,119,138,0,0,93,0,2604,2088,158,5,341,34,130,2604,235,119,35,0,81,2369,1870,144,0,217,0,10,128,11,117,1588,2034,903,1131,ACS_Demographic_DC_CensusTract_112,0,0
45,11,001,004400,11001004400,44,Census Tract 44,G5020,S,521639,0,+38.9170143,-077.0275927,5793,3225,2568,125.6,351,70,1,29,206,2594,1196,670,193,96,188,138,61,33.5,450,5345,5343,5342,442,387,5343,2896,2447,118.3,387,193,194,99.5,5793,5612,181,5612,3868,1163,0,0,0,0,0,398,163,6,77,72,0,16,64,0,0,0,0,0,183,181,35,15,116,15,5793,4034,1213,30,514,0,183,5793,309,47,43,11,208,5484,3735,1145,0,398,0,25,181,0,181,3165,4819,2668,2151,ACS_Demographic_DC_CensusTract_65,0,0
46,11,001,004300,11001004300,43,Census Tract 43,G5020,S,236694,0,+38.9168040,-077.0341511,4088,1855,2233,83.1,223,52,47,18,196,1534,960,350,126,170,259,153,0,34.8,340,3766,3748,3748,448,412,3748,1657,2091,79.2,412,194,218,89,4088,3991,97,3991,2929,686,25,0,25,0,0,164,72,22,22,0,30,18,0,10,0,0,0,10,177,97,0,0,73,0,4088,3002,710,25,261,10,177,4088,561,73,20,8,460,3527,2560,671,25,164,10,0,97,0,97,2476,3285,1472,1813,ACS_Demographic_DC_CensusTract_110,0,0
47,11,001,000802,11001000802,8.02,Census Tract 8.02,G5020,S,1713200,669752,+38.9112783,-077.0871196,3470,1606,1864,86.2,181,194,223,184,143,785,423,471,279,206,150,129,102,35.8,767,2799,2703,2663,487,381,2703,1158,1545,75,381,199,182,109.3,3470,3282,188,3282,2636,305,0,0,0,0,0,264,54,57,92,7,10,34,10,0,0,0,0,0,77,188,51,11,77,0,3470,2775,397,11,349,11,115,3470,474,197,41,9,227,2996,2343,292,0,264,0,0,97,8,89,1458,2320,1020,1300,ACS_Demographic_DC_CensusTract_93,0,0
48,11,001,004201,11001004201,42.01,Census Tract 42.01,G5020,S,204529,0,+38.9162076,-077.0388456,3767,2055,1712,120,268,0,17,0,312,1812,512,339,168,188,50,101,0,31.5,285,3482,3482,3482,233,151,3482,1907,1575,121.1,151,121,30,403.3,3767,3701,66,3701,3166,212,0,0,0,0,0,188,19,57,0,0,45,52,15,0,0,0,0,0,135,66,14,22,30,0,3767,3232,226,22,218,0,135,3767,333,21,14,13,285,3434,2899,199,0,188,0,96,52,0,52,2114,3161,1755,1406,ACS_Demographic_DC_CensusTract_55,0,0
49,11,001,008701,11001008701,87.01,Census Tract 87.01,G5020,S,382686,0,+38.9141018,-077.0062645,2539,1337,1202,111.2,45,90,33,97,153,1017,425,253,101,102,119,40,64,32.5,229,2339,2310,2274,299,223,2310,1209,1101,109.8,223,56,167,33.5,2539,2516,23,2516,1057,1332,0,0,0,0,0,87,40,14,8,0,14,11,0,0,0,0,0,0,40,23,0,12,10,0,2539,1079,1333,12,97,0,41,2539,139,63,28,23,25,2400,995,1299,0,84,0,0,22,0,22,1057,2194,1149,1045,ACS_Demographic_DC_CensusTract_118,0,0
50,11,001,000100,11001000100,1,Census Tract 1,G5020,S,1907609,512798,+38.9060174,-077.0601874,4888,2342,2546,92,242,213,131,60,272,801,712,698,218,447,677,275,142,45.1,622,4279,4266,4167,1306,1094,4266,2134,2132,100.1,1094,604,490,123.3,4888,4797,91,4797,4256,33,0,0,0,0,0,296,172,46,0,0,47,0,31,0,0,0,0,0,212,91,0,0,91,0,4888,4347,33,0,387,0,212,4888,682,144,22,73,443,4206,3739,33,0,296,0,47,91,0,91,2765,3661,1792,1869,ACS_Demographic_DC_CensusTract_102,0,0
51,11,001,009601,11001009601,96.01,Census Tract 96.01,G5020,S,1905262,179134,+38.9091300,-076.9490606,2352,840,1512,55.6,147,133,128,147,261,443,237,269,211,148,141,59,28,33.1,493,1944,1859,1790,318,228,1859,592,1267,46.7,228,77,151,51,2352,2335,17,2335,62,2259,0,0,0,0,0,0,0,0,0,0,0,0,0,0,0,0,0,0,14,17,0,0,4,0,2352,66,2259,13,4,0,27,2352,27,12,0,0,15,2325,62,2259,0,0,0,0,4,0,4,926,1830,592,1238,ACS_Demographic_DC_CensusTract_101,0,0
52,11,001,000202,11001000202,2.02,Census Tract 2.02,G5020,S,776437,428754,+38.9063048,-077.0696362,4709,2325,2384,97.5,131,87,69,384,1418,549,386,341,269,292,541,198,44,27,347,4422,4362,3671,933,783,4362,2153,2209,97.5,783,332,451,73.6,4709,4552,157,4552,3872,301,0,0,0,0,0,262,74,54,10,0,48,31,45,16,0,16,0,0,101,157,54,6,42,0,4709,4019,360,17,320,50,106,4709,426,12,77,76,261,4283,3574,286,0,262,16,0,145,5,140,1824,4017,1987,2030,ACS_Demographic_DC_CensusTract_109,0,0
53,11,001,008803,11001008803,88.03,Census Tract 88.03,G5020,S,1168294,0,+38.9104603,-076.9913622,3312,1991,1321,150.7,134,145,143,467,566,602,422,356,226,136,107,8,0,28.2,554,2859,2758,2271,175,115,2758,1665,1093,152.3,115,56,59,94.9,3312,3160,152,3160,906,1951,0,0,0,0,0,74,17,15,7,0,0,23,12,10,10,0,0,0,219,152,59,12,17,0,3312,1040,2022,12,91,28,271,3312,485,165,98,30,192,2827,716,1917,0,74,10,21,89,6,83,1031,2521,1502,1019,ACS_Demographic_DC_CensusTract_140,0,0
54,11,001,003302,11001003302,33.02,Census Tract 33.02,G5020,S,204237,0,+38.9139237,-077.0111677,2306,1067,1239,86.1,120,32,8,37,99,913,458,359,86,70,104,8,12,33.7,167,2146,2139,2109,160,124,2139,993,1146,86.6,124,49,75,65.3,2306,2252,54,2252,1211,896,3,0,0,0,0,103,15,33,14,0,24,6,11,0,0,0,0,0,39,54,16,0,23,0,2306,1250,927,3,141,0,39,2306,121,6,31,27,57,2185,1124,867,3,103,0,39,49,0,49,1040,2050,946,1104,ACS_Demographic_DC_CensusTract_90,0,0
55,11,001,004202,11001004202,42.02,Census Tract 42.02,G5020,S,207646,0,+38.9134023,-077.0430254,2376,1129,1247,90.5,20,0,0,31,148,1230,213,253,66,180,172,60,3,32.9,23,2353,2353,2325,356,235,2353,1126,1227,91.8,235,112,123,91.1,2376,2300,76,2300,2023,39,0,0,0,0,0,195,53,15,22,6,31,12,56,0,0,0,0,0,43,76,26,5,37,0,2376,2091,73,5,240,0,43,2376,283,103,15,57,108,2093,1805,39,0,180,0,6,63,0,63,1792,2055,986,1069,ACS_Demographic_DC_CensusTract_56,0,0
56,11,001,004801,11001004801,48.01,Census Tract 48.01,G5020,S,317222,0,+38.9117413,-077.0195344,2999,1475,1524,96.8,217,41,51,61,158,1269,489,194,98,90,237,74,20,32.6,353,2688,2646,2629,380,331,2646,1348,1298,103.9,331,103,228,45.2,2999,2920,79,2920,1853,882,0,0,0,0,0,73,27,30,0,0,16,0,0,0,0,0,0,0,112,79,38,12,9,20,2999,1912,940,32,82,0,112,2999,292,47,41,0,204,2707,1647,882,0,65,0,46,67,0,67,1352,2458,1263,1195,ACS_Demographic_DC_CensusTract_67,0,0
57,11,001,004600,11001004600,46,Census Tract 46,G5020,S,437422,0,+38.9097456,-077.0133001,3075,1609,1466,109.8,74,56,84,21,264,923,487,398,183,209,202,102,72,36.4,235,2849,2840,2840,535,376,2840,1545,1295,119.3,376,131,245,53.5,3075,2972,103,2972,1476,1225,0,0,0,0,0,182,27,93,18,9,0,0,35,0,0,0,0,0,89,103,11,0,72,0,3075,1569,1236,0,264,10,99,3075,275,165,15,0,95,2800,1278,1225,0,175,0,19,103,10,93,1530,2784,1534,1250,ACS_Demographic_DC_CensusTract_66,0,0
58,11,001,005500,11001005500,55,Census Tract 55,G5020,S,629389,9350,+38.9077913,-077.0493321,6609,3362,3247,103.5,153,0,197,151,874,1959,1030,827,262,281,541,196,138,34.9,460,6259,6149,5751,1014,875,6149,3333,2816,118.4,875,353,522,67.6,6609,6477,132,6477,5348,433,0,0,0,0,0,544,176,134,0,102,92,0,40,0,0,0,0,0,152,132,0,37,41,0,6609,5426,433,37,639,0,206,6609,661,107,113,18,423,5948,4867,433,0,516,0,0,132,54,78,4664,5406,2823,2583,ACS_Demographic_DC_CensusTract_8,0,0
59,11,001,005301,11001005301,53.01,Census Tract 53.01,G5020,S,286403,0,+38.9107789,-077.0389515,5118,2504,2614,95.8,186,78,31,42,295,2358,826,440,190,249,262,113,48,33.3,319,4823,4799,4772,595,423,4799,2337,2462,94.9,423,280,143,195.8,5118,5011,107,5011,4219,122,0,0,0,0,0,585,104,211,0,41,118,0,111,0,0,0,0,0,85,107,24,0,45,0,5118,4304,146,22,630,0,123,5118,486,96,24,8,358,4632,3880,122,0,585,0,0,45,0,45,3717,4135,2083,2052,ACS_Demographic_DC_CensusTract_105,0,0
60,11,001,005201,11001005201,52.01,Census Tract 52.01,G5020,S,339712,0,+38.9102026,-077.0341232,5855,2796,3059,91.4,116,56,58,23,268,2635,1111,726,306,195,307,54,0,33.9,230,5625,5625,5602,433,361,5625,2742,2883,95.1,361,32,329,9.7,5855,5471,384,5471,4146,743,102,0,0,0,0,341,44,0,75,51,86,85,0,0,0,0,0,0,139,384,64,44,101,0,5855,4375,807,146,462,155,314,5855,791,47,153,132,459,5064,3783,743,102,341,0,0,95,0,95,4409,4924,2439,2485,ACS_Demographic_DC_CensusTract_104,0,0
61,11,001,005001,11001005001,50.01,Census Tract 50.01,G5020,S,204439,0,+38.9119217,-077.0295174,2060,1152,908,126.9,57,37,22,12,111,822,433,222,97,46,102,84,15,33.8,116,1944,1944,1932,220,201,1944,1069,875,122.2,201,95,106,89.6,2060,1979,81,1979,1477,322,0,0,0,0,0,118,36,35,0,9,15,23,0,0,0,0,0,0,62,81,5,0,29,0,2060,1558,348,0,168,15,73,2060,255,20,19,64,152,1805,1312,312,0,95,0,31,55,11,44,1046,1753,993,760,ACS_Demographic_DC_CensusTract_170,0,0
62,11,001,003200,11001003200,32,Census Tract 32,G5020,S,445441,0,+38.9322648,-077.0211710,5301,2545,2756,92.3,179,141,233,148,483,1678,869,558,304,132,364,146,66,33.5,657,4670,4644,4600,656,576,4644,2103,2541,82.8,576,201,375,53.6,5301,5208,93,5208,1611,2473,0,0,0,0,0,187,65,12,17,41,16,0,36,0,0,0,0,0,937,93,16,0,21,10,5301,1679,2499,10,223,0,983,5301,1432,100,38,0,1294,3869,1371,2259,0,187,0,0,52,15,37,1879,3935,1771,2164,ACS_Demographic_DC_CensusTract_178,0,0
63,11,001,002900,11001002900,29,Census Tract 29,G5020,S,300632,0,+38.9338478,-077.0299131,4416,2213,2203,100.5,257,237,164,47,286,1720,663,546,183,103,165,19,26,31,700,3744,3716,3670,265,210,3716,1917,1799,106.6,210,123,87,141.4,4416,4105,311,4105,2310,901,11,0,0,0,0,196,63,68,16,0,9,0,40,0,0,0,0,0,687,311,89,0,70,9,4416,2584,1112,122,283,0,728,4416,1103,68,18,0,1017,3313,2079,867,0,196,0,2,169,0,169,1687,3108,1545,1563,ACS_Demographic_DC_CensusTract_176,0,0
64,11,001,003100,11001003100,31,Census Tract 31,G5020,S,296909,0,+38.9306187,-077.0254232,3605,1839,1766,104.1,99,164,181,125,182,1310,572,366,210,100,169,50,77,33.3,521,3161,3084,2999,343,296,3084,1558,1526,102.1,296,141,155,91,3605,3486,119,3486,1374,1090,35,0,0,0,0,256,32,29,13,12,20,150,0,0,0,0,0,0,731,119,58,0,27,5,3605,1488,1162,40,292,0,751,3605,1023,200,34,14,775,2582,1106,1056,35,256,0,10,119,20,99,1424,2600,1330,1270,ACS_Demographic_DC_CensusTract_177,0,0
65,11,001,011100,11001011100,111,Census Tract 111,G5020,S,5718693,366232,+38.9158612,-076.9681631,5700,2786,2914,95.6,274,212,271,173,211,1087,711,795,330,484,601,292,259,43.3,837,4882,4863,4699,1543,1152,4863,2289,2574,88.9,1152,481,671,71.7,5700,5271,429,5271,953,4147,9,0,0,0,0,154,24,120,0,0,10,0,0,0,0,0,0,0,8,429,102,0,0,74,5700,1308,4524,232,352,88,24,5700,677,488,20,0,169,5023,607,4053,9,154,0,8,192,16,176,1870,4613,2138,2475,ACS_Demographic_DC_CensusTract_147,0,0
66,11,001,009301,11001009301,93.01,Census Tract 93.01,G5020,S,1105639,0,+38.9307537,-076.9864640,3512,1647,1865,88.3,249,81,138,110,239,446,597,428,306,258,305,260,95,42.7,531,3020,2981,2886,831,660,2981,1397,1584,88.2,660,213,447,47.7,3512,3360,152,3360,1503,1648,0,0,0,0,0,179,24,20,26,11,29,53,16,0,0,0,0,0,30,152,36,8,25,32,3512,1591,1767,59,236,0,30,3512,180,0,0,0,180,3332,1432,1558,0,179,0,11,152,0,152,1279,2945,1372,1573,ACS_Demographic_DC_CensusTract_158,0,0
67,11,001,000501,11001000501,5.01,Census Tract 5.01,G5020,S,940584,30822,+38.9264548,-077.0514340,3434,1730,1704,101.5,25,176,135,93,120,1159,506,339,194,191,276,183,37,35.3,417,3054,3017,2989,618,496,3017,1403,1614,86.9,496,183,313,58.5,3434,3367,67,3367,2654,258,0,0,0,0,0,260,171,55,0,0,0,0,34,0,0,0,0,0,195,67,0,2,47,0,3434,2703,258,2,325,0,213,3434,466,16,178,0,272,2968,2401,258,0,260,0,0,49,0,49,2217,2801,1258,1543,ACS_Demographic_DC_CensusTract_88,0,0
68,11,001,009201,11001009201,92.01,Census Tract 92.01,G5020,S,633233,0,+38.9287406,-076.9989941,3213,1375,1838,74.8,274,111,61,199,673,667,503,211,174,138,138,51,13,29.6,471,2767,2742,2429,264,202,2742,1096,1646,66.6,202,98,104,94.2,3213,3035,178,3035,1740,1078,4,0,0,0,0,127,38,25,18,24,6,16,0,0,0,0,0,0,86,178,41,57,41,10,3213,1908,1145,79,173,0,102,3213,361,66,38,17,240,2852,1597,976,0,127,0,0,152,0,152,1340,2520,975,1545,ACS_Demographic_DC_CensusTract_156,0,0
69,11,001,000701,11001000701,7.01,Census Tract 7.01,G5020,S,548933,0,+38.9295498,-077.0766614,5786,2762,3024,91.3,265,130,115,72,489,1216,601,691,265,366,934,503,139,47.1,547,5276,5239,5126,1801,1576,5239,2477,2762,89.7,1576,715,861,83,5786,5577,209,5577,4205,584,50,0,0,0,0,668,473,54,93,0,0,0,48,0,0,0,0,0,70,209,8,0,117,0,5786,4397,644,85,823,0,102,5786,367,150,0,19,198,5419,3940,584,50,668,0,0,177,0,177,3529,4554,2194,2360,ACS_Demographic_DC_CensusTract_73,0,0
70,11,001,002802,11001002802,28.02,Census Tract 28.02,G5020,S,229696,0,+38.9294344,-077.0346327,5056,2445,2611,93.6,192,463,99,177,260,1893,868,249,259,159,250,129,58,31.4,917,4247,4139,4008,550,437,4139,2055,2084,98.6,437,161,276,58.3,5056,4816,240,4816,1987,1200,4,0,0,0,0,287,113,23,36,17,11,38,49,0,0,0,0,0,1338,240,93,0,113,0,5056,2193,1293,4,434,21,1351,5056,1851,68,75,19,1689,3205,1428,1193,0,287,0,57,240,13,227,2269,2897,1239,1658,ACS_Demographic_DC_CensusTract_49,0,0
71,11,001,002702,11001002702,27.02,Census Tract 27.02,G5020,S,486439,7801,+38.9301680,-077.0421774,6049,3034,3015,100.6,466,168,86,242,223,1777,1205,807,426,316,268,65,0,35.4,883,5267,5166,5053,556,333,5166,2540,2626,96.7,333,126,207,60.9,6049,5485,564,5485,3702,814,0,0,0,0,0,319,95,33,5,0,35,125,26,0,0,0,0,0,650,564,117,24,27,69,6049,4169,1050,128,368,0,955,6049,1332,84,0,25,1223,4717,3185,789,0,319,0,209,215,0,215,2565,4469,2226,2243,ACS_Demographic_DC_CensusTract_77,0,0
72,11,001,008804,11001008804,88.04,Census Tract 88.04,G5020,S,778052,0,+38.9102408,-076.9812669,2648,1166,1482,78.7,40,63,132,254,267,577,587,229,147,94,152,100,6,34.9,366,2413,2282,2110,303,258,2282,1058,1224,86.4,258,72,186,38.7,2648,2552,96,2552,499,1944,43,0,0,0,0,33,0,17,0,0,0,0,16,0,0,0,0,0,33,96,14,0,0,36,2648,532,2013,106,33,27,52,2648,246,55,11,0,180,2402,312,1937,43,33,0,0,77,0,77,1439,2024,945,1079,ACS_Demographic_DC_CensusTract_141,0,0
73,11,001,000502,11001000502,5.02,Census Tract 5.02,G5020,S,581507,0,+38.9283547,-077.0595624,3396,1470,1926,76.3,184,128,95,89,139,811,475,386,233,238,418,146,54,39.3,466,2948,2930,2893,767,618,2930,1261,1669,75.6,618,278,340,81.8,3396,3296,100,3296,2966,121,39,0,0,0,0,106,43,32,0,10,21,0,0,9,0,0,0,9,55,100,19,0,74,0,3396,3059,147,39,180,9,62,3396,584,105,40,9,430,2812,2528,76,0,106,9,0,93,0,93,1776,2738,1199,1539,ACS_Demographic_DC_CensusTract_64,0,0
74,11,001,000400,11001000400,4,Census Tract 4,G5020,S,1542759,69,+38.9227989,-077.0649214,1413,630,783,80.5,90,69,56,37,47,315,111,148,80,66,238,112,44,43.1,244,1175,1169,1159,447,394,1169,505,664,76.1,394,137,257,53.3,1413,1375,38,1375,1225,31,0,0,0,0,0,101,11,15,48,12,6,0,9,0,0,0,0,0,18,38,7,0,31,0,1413,1263,38,0,132,0,18,1413,210,26,5,38,141,1203,1033,31,0,101,0,0,38,0,38,712,1054,480,574,ACS_Demographic_DC_CensusTract_63,0,0
75,11,001,009000,11001009000,90,Census Tract 90,G5020,S,1427114,31550,+38.9226934,-076.9545101,3798,1496,2302,65,356,249,121,100,85,219,779,320,93,345,607,470,54,44.8,826,3072,2972,2958,1331,1131,2972,944,2028,46.5,1131,276,855,32.3,3798,3798,0,3798,563,3080,0,0,0,0,0,47,47,0,0,0,0,0,0,74,74,0,0,0,34,0,0,0,0,0,3798,563,3080,0,47,74,34,3798,311,20,67,13,211,3487,319,3013,0,47,74,34,0,0,0,2227,2905,877,2028,ACS_Demographic_DC_CensusTract_148,0,0
76,11,001,003400,11001003400,34,Census Tract 34,G5020,S,917526,159593,+38.9221781,-077.0175890,5007,2007,3000,66.9,136,65,156,1785,668,885,619,287,51,117,131,107,0,21.7,465,4619,4542,2558,335,238,4542,1761,2781,63.3,238,76,162,46.9,5007,4856,151,4856,1698,2925,0,0,0,0,0,162,37,82,6,0,8,16,13,7,7,0,0,0,64,151,38,15,90,8,5007,1841,2971,23,252,7,64,5007,201,6,35,0,160,4806,1565,2900,0,162,7,21,151,0,151,1381,4370,1707,2663,ACS_Demographic_DC_CensusTract_179,0,0
77,11,001,003900,11001003900,39,Census Tract 39,G5020,S,379810,10579,+38.9249705,-077.0439028,4588,2231,2357,94.7,209,52,54,0,87,1599,1078,830,124,154,316,70,15,37.3,315,4273,4273,4273,463,401,4273,2086,2187,95.4,401,203,198,102.5,4588,4414,174,4414,3510,540,0,0,0,0,0,304,50,101,16,0,115,0,22,0,0,0,0,0,60,174,57,0,117,0,4588,3684,597,0,421,0,60,4588,510,149,69,0,292,4078,3116,471,0,304,0,13,174,0,174,2946,3684,1887,1797,ACS_Demographic_DC_CensusTract_108,0,0
78,11,001,009302,11001009302,93.02,Census Tract 93.02,G5020,S,391905,0,+38.9251636,-076.9907773,1565,747,818,91.3,58,46,130,0,162,296,290,216,95,56,105,63,48,39.5,234,1331,1331,1237,245,216,1331,645,686,94,216,36,180,20,1565,1548,17,1548,635,865,0,0,0,0,0,6,0,4,0,0,0,0,2,11,0,11,0,0,31,17,8,0,0,9,1565,643,882,9,6,11,31,1565,254,5,29,6,214,1311,454,834,0,6,0,0,17,0,17,638,1174,541,633,ACS_Demographic_DC_CensusTract_159,0,0
79,11,001,003000,11001003000,30,Census Tract 30,G5020,S,210638,0,+38.9288689,-077.0299525,3732,1726,2006,86,256,150,121,257,241,1239,647,362,56,69,144,129,61,30.8,724,3161,3008,2948,387,334,3008,1295,1713,75.6,334,115,219,52.5,3732,3666,66,3666,1674,1635,1,0,0,0,0,162,61,22,13,0,33,0,33,0,0,0,0,0,194,66,0,0,18,0,3732,1711,1662,1,194,0,230,3732,508,11,33,0,464,3224,1431,1599,0,162,0,0,32,2,30,1621,2739,1150,1589,ACS_Demographic_DC_CensusTract_83,0,0
80,11,001,009102,11001009102,91.02,Census Tract 91.02,G5020,S,1816287,0,+38.9187926,-076.9888946,4821,2176,2645,82.3,363,176,252,361,433,984,568,501,371,309,351,68,84,32.8,1034,3982,3787,3520,691,503,3787,1629,2158,75.5,503,148,355,41.7,4821,4714,107,4714,690,3841,20,0,0,0,0,104,41,8,0,0,0,9,46,0,0,0,0,0,59,107,7,0,30,12,4821,744,3888,32,176,14,75,4821,346,83,0,0,263,4475,420,3841,20,104,0,0,90,0,90,2206,3568,1511,2057,ACS_Demographic_DC_CensusTract_149,0,0
81,11,001,003500,11001003500,35,Census Tract 35,G5020,S,382021,0,+38.9223765,-077.0243410,5053,2258,2795,80.8,226,154,50,247,2009,1223,401,250,113,129,140,63,48,23.8,477,4597,4576,3667,326,251,4576,1965,2611,75.3,251,109,142,76.8,5053,4949,104,4949,1297,3106,31,0,0,0,0,162,49,33,9,0,30,5,36,0,0,0,0,0,353,104,33,9,47,6,5053,1386,3154,46,209,0,362,5053,427,291,39,0,97,4626,1251,3052,20,162,0,37,104,9,95,1400,4198,1770,2428,ACS_Demographic_DC_CensusTract_132,0,0
82,11,001,009203,11001009203,92.03,Census Tract 92.03,G5020,S,581087,0,+38.9219735,-077.0054956,3031,1218,1813,67.2,100,159,122,46,271,669,558,424,155,207,176,89,55,36.6,427,2632,2604,2573,434,320,2604,1092,1512,72.2,320,72,248,29,3031,2873,158,2873,669,2063,35,0,0,0,0,9,9,0,0,0,0,0,0,0,0,0,0,0,97,158,43,19,14,35,3031,763,2188,107,23,0,126,3031,292,84,47,42,119,2739,534,2019,19,9,0,7,151,29,122,1343,2542,1059,1483,ACS_Demographic_DC_CensusTract_157,0,0
83,11,001,003600,11001003600,36,Census Tract 36,G5020,S,305616,0,+38.9236744,-077.0296273,4765,2501,2264,110.5,198,111,116,24,377,1796,900,443,266,187,233,114,0,32.5,430,4340,4335,4314,424,347,4335,2219,2116,104.9,347,63,284,22.2,4765,4571,194,4571,2573,1353,0,0,0,0,0,429,198,83,5,0,27,0,116,0,0,0,0,0,216,194,28,0,57,0,4765,2713,1435,10,550,0,271,4765,708,226,72,38,372,4057,2163,1326,0,429,0,0,139,0,139,2260,3752,1798,1954,ACS_Demographic_DC_CensusTract_54,0,0
84,11,001,003301,11001003301,33.01,Census Tract 33.01,G5020,S,442120,0,+38.9204778,-077.0114293,4138,1922,2216,86.7,146,141,102,7,224,1574,624,684,136,122,221,66,91,33.9,389,3749,3749,3737,445,378,3749,1827,1922,95.1,378,111,267,41.6,4138,3989,149,3989,2191,1535,0,0,0,0,0,208,99,21,48,0,14,9,17,0,0,0,0,0,55,149,43,0,21,42,4138,2298,1637,71,258,0,69,4138,284,55,43,0,186,3854,1997,1500,0,208,0,14,135,0,135,1690,3420,1673,1747,ACS_Demographic_DC_CensusTract_121,0,0
85,11,001,003700,11001003700,37,Census Tract 37,G5020,S,292372,0,+38.9228614,-077.0343330,5005,2512,2493,100.8,259,213,203,246,125,1748,861,561,324,98,251,102,14,32.7,777,4330,4228,4084,423,367,4228,2162,2066,104.6,367,169,198,85.4,5005,4881,124,4881,2186,1794,0,0,0,0,0,293,147,0,19,15,112,0,0,0,0,0,0,0,608,124,44,33,0,0,5005,2263,1885,33,340,0,608,5005,1109,13,140,15,941,3896,1939,1568,0,293,0,0,96,0,96,2970,3789,1999,1790,ACS_Demographic_DC_CensusTract_50,0,0
86,11,001,003800,11001003800,38,Census Tract 38,G5020,S,356114,0,+38.9216348,-077.0391794,5174,2765,2409,114.8,317,320,66,40,198,1992,1054,476,293,202,177,39,0,33.8,703,4471,4471,4399,328,216,4471,2407,2064,116.6,216,121,95,127.4,5174,4870,304,4870,3262,1051,22,22,0,0,0,361,207,43,30,0,65,0,16,0,0,0,0,0,174,304,30,0,212,0,5174,3504,1081,22,635,62,174,5174,846,61,14,27,744,4328,2628,1051,22,361,0,33,233,0,233,2898,3867,2098,1769,ACS_Demographic_DC_CensusTract_51,0,0
87,11,001,000702,11001000702,7.02,Census Tract 7.02,G5020,S,293836,0,+38.9241127,-077.0778193,2972,1126,1846,61,62,42,0,138,145,1139,502,511,43,79,112,153,46,34.7,119,2868,2853,2727,352,311,2853,1111,1742,63.8,311,46,265,17.4,2972,2835,137,2835,2244,241,23,0,0,0,0,248,119,71,14,0,0,12,32,0,0,0,0,0,79,137,26,15,54,0,2972,2381,286,57,302,0,102,2972,386,82,16,30,258,2586,1936,241,0,248,0,66,95,0,95,2305,2350,949,1401,ACS_Demographic_DC_CensusTract_74,0,0
88,11,001,009204,11001009204,92.04,Census Tract 92.04,G5020,S,308465,0,+38.9234161,-076.9987071,2895,1298,1597,81.3,210,175,397,115,134,619,286,239,139,86,294,166,35,30.6,834,2113,2061,1933,557,495,2061,869,1192,72.9,495,264,231,114.3,2895,2846,49,2846,327,2269,11,0,0,0,0,0,0,0,0,0,0,0,0,0,0,0,0,0,239,49,0,0,0,0,2895,327,2318,11,31,0,257,2895,285,0,33,0,252,2610,293,2257,11,0,0,0,49,18,31,1459,1973,811,1162,ACS_Demographic_DC_CensusTract_81,0,0
89,11,001,004001,11001004001,40.01,Census Tract 40.01,G5020,S,271040,2414,+38.9208738,-077.0462674,4628,2553,2075,123,195,236,101,62,67,1777,937,317,227,253,273,121,62,34,594,4034,4034,4034,674,456,4034,2119,1915,110.7,456,258,198,130.3,4628,4496,132,4496,3692,294,0,0,0,0,0,138,50,13,18,0,34,11,12,32,0,32,0,0,340,132,0,25,44,0,4628,3810,325,42,196,32,372,4628,608,45,0,0,563,4020,3456,294,0,138,32,0,100,0,100,2339,3702,1971,1731,ACS_Demographic_DC_CensusTract_52,0,0
90,11,001,004002,11001004002,40.02,Census Tract 40.02,G5020,S,194755,0,+38.9181186,-077.0437209,3302,1596,1706,93.6,65,50,86,66,110,1330,595,423,172,91,196,87,31,34.5,261,3067,3041,3035,387,314,3041,1479,1562,94.7,314,171,143,119.6,3302,3258,44,3258,2829,148,0,0,0,0,0,281,182,9,19,24,0,20,27,0,0,0,0,0,0,44,0,13,31,0,3302,2873,148,13,312,0,0,3302,179,61,50,0,68,3123,2663,148,0,281,0,0,31,0,31,2033,2686,1346,1340,ACS_Demographic_DC_CensusTract_53,0,0
91,11,001,008302,11001008302,83.02,Census Tract 83.02,G5020,S,260891,0,+38.8963061,-076.9966527,2946,1598,1348,118.5,217,143,142,78,123,866,543,301,108,164,106,80,75,34,570,2392,2376,2366,349,261,2376,1255,1121,112,261,141,120,117.5,2946,2813,133,2813,2100,401,2,0,0,0,0,144,69,43,8,0,4,13,7,0,0,0,0,0,166,133,46,0,64,0,2946,2210,447,2,231,0,189,2946,278,75,0,0,203,2668,2001,401,2,144,0,10,110,0,110,1178,2319,1226,1093,ACS_Demographic_DC_CensusTract_129,0,0
92,11,001,007901,11001007901,79.01,Census Tract 79.01,G5020,S,402041,0,+38.8965543,-076.9804319,4692,2135,2557,83.5,439,386,339,196,186,1061,554,554,409,220,260,44,44,32.9,1287,3466,3405,3296,456,348,3405,1569,1836,85.5,348,166,182,91.2,4692,4572,120,4572,1073,3352,0,0,0,0,0,34,0,0,0,0,8,0,26,0,0,0,0,0,113,120,27,0,53,0,4692,1166,3406,27,87,0,153,4692,268,57,36,11,164,4424,977,3236,0,34,0,84,93,0,93,1878,3331,1517,1814,ACS_Demographic_DC_CensusTract_117,0,0
93,11,001,008001,11001008001,80.01,Census Tract 80.01,G5020,S,322795,0,+38.8961726,-076.9866524,3144,1483,1661,89.3,390,149,132,29,85,827,644,402,154,49,103,140,40,34.7,671,2473,2473,2439,311,283,2473,1090,1383,78.8,283,61,222,27.5,3144,3006,138,3006,2073,831,0,0,0,0,0,69,24,29,8,0,0,0,8,0,0,0,0,0,33,138,42,32,46,9,3144,2202,882,41,115,0,42,3144,142,67,13,16,46,3002,1955,828,0,69,0,12,138,9,129,1424,2384,1046,1338,ACS_Demographic_DC_CensusTract_27,0,0
94,11,001,006804,11001006804,68.04,Census Tract 68.04,G5020,S,1542277,477741,+38.8863842,-076.9704836,2800,2435,365,667.1,13,16,37,90,450,843,647,311,171,94,115,9,4,33.8,66,2734,2734,2583,186,128,2734,2384,350,681.1,128,53,75,70.7,2800,2748,52,2748,370,2260,36,0,0,0,0,7,0,0,0,0,0,7,0,0,0,0,0,0,75,52,22,0,0,21,2800,392,2312,57,16,0,75,2800,218,45,18,6,149,2582,246,2250,27,7,0,0,52,0,52,36,2625,2328,297,ACS_Demographic_DC_CensusTract_111,0,0
95,11,001,008100,11001008100,81,Census Tract 81,G5020,S,290283,0,+38.8931710,-076.9925272,3374,1644,1730,95,383,142,73,56,103,960,676,449,103,103,169,90,67,34.7,628,2762,2746,2718,377,326,2746,1359,1387,98,326,151,175,86.3,3374,3293,81,3293,2751,310,5,0,0,0,0,126,66,34,0,10,16,0,0,0,0,0,0,0,101,81,0,0,74,0,3374,2832,310,5,200,7,101,3374,283,75,22,53,133,3091,2545,310,5,126,0,24,81,0,81,1534,2664,1335,1329,ACS_Demographic_DC_CensusTract_127,0,0
96,11,001,009604,11001009604,96.04,Census Tract 96.04,G5020,S,503381,65762,+38.8931572,-076.9585043,2377,817,1560,52.4,185,166,68,28,192,356,269,299,148,193,306,115,52,43.2,443,1951,1934,1919,598,473,1934,638,1296,49.2,473,119,354,33.6,2377,2357,20,2357,94,2229,17,0,0,0,0,0,0,0,0,0,0,0,0,0,0,0,0,0,17,20,9,0,0,7,2377,103,2249,24,4,0,17,2377,101,16,0,4,81,2276,78,2165,4,0,0,9,20,0,20,1021,1860,614,1246,ACS_Demographic_DC_CensusTract_60,0,0
97,11,001,007808,11001007808,78.08,Census Tract 78.08,G5020,S,936852,7722,+38.8922212,-076.9192026,4159,1756,2403,73.1,236,354,383,469,255,520,410,430,421,143,238,221,79,30.8,1147,3154,3012,2717,648,538,3012,1261,1751,72,538,196,342,57.3,4159,4116,43,4116,11,4050,32,0,0,0,0,2,0,0,2,0,0,0,0,0,0,0,0,0,21,43,0,0,0,0,4159,52,4093,73,4,0,21,4159,55,0,19,0,36,4104,11,4020,32,0,0,0,41,0,41,1706,2956,1261,1695,ACS_Demographic_DC_CensusTract_155,0,0
98,11,001,009603,11001009603,96.03,Census Tract 96.03,G5020,S,607400,0,+38.8918285,-076.9477195,3969,1751,2218,78.9,362,220,157,195,349,589,429,600,418,151,227,145,127,38.4,901,3208,3068,2954,599,499,3068,1292,1776,72.7,499,207,292,70.9,3969,3936,33,3936,10,3847,0,0,0,0,0,34,0,0,0,0,0,0,34,0,0,0,0,0,45,33,0,0,0,20,3969,10,3880,20,34,13,45,3969,68,0,0,0,68,3901,10,3840,0,18,0,0,33,0,33,1845,2913,1206,1707,ACS_Demographic_DC_CensusTract_87,0,0
99,11,001,008200,11001008200,82,Census Tract 82,G5020,S,338424,0,+38.8918309,-077.0006040,3172,1440,1732,83.1,241,120,69,221,270,804,472,346,92,218,171,136,12,32.7,481,2708,2691,2389,430,319,2691,1162,1529,76,319,205,114,179.8,3172,2974,198,2974,2557,272,13,0,0,0,0,107,15,18,0,9,30,19,16,0,0,0,0,0,25,198,27,12,121,0,3172,2744,337,52,239,0,25,3172,302,49,134,22,97,2870,2441,248,0,107,0,0,74,0,74,1550,2485,1070,1415,ACS_Demographic_DC_CensusTract_128,0,0
100,11,001,008002,11001008002,80.02,Census Tract 80.02,G5020,S,578960,0,+38.8915403,-076.9827594,3397,1591,1806,88.1,405,184,74,18,152,857,670,353,92,178,273,122,19,35.2,673,2734,2724,2699,512,414,2724,1293,1431,90.4,414,210,204,102.9,3397,3349,48,3349,2569,692,0,0,0,0,0,66,22,36,8,0,0,0,0,0,0,0,0,0,22,48,18,0,8,0,3397,2607,720,0,84,0,34,3397,270,45,72,32,121,3127,2333,692,0,66,0,0,36,0,36,1616,2676,1285,1391,ACS_Demographic_DC_CensusTract_133,0,0
101,11,001,009906,11001009906,99.06,Census Tract 99.06,G5020,S,252684,0,+38.8879464,-076.9359151,1550,605,945,64,110,37,73,118,124,277,245,179,132,103,96,30,26,36.3,317,1316,1233,1204,228,152,1233,495,738,67.1,152,56,96,58.3,1550,1532,18,1532,11,1510,0,0,0,0,0,6,4,2,0,0,0,0,0,0,0,0,0,0,5,18,4,0,0,6,1550,23,1528,14,6,0,5,1550,31,0,0,7,24,1519,5,1490,0,6,0,0,18,0,18,808,1220,488,732,ACS_Demographic_DC_CensusTract_11,0,0
102,11,001,007703,11001007703,77.03,Census Tract 77.03,G5020,S,1017741,1059,+38.8863224,-076.9474550,7050,3539,3511,100.8,558,757,754,618,327,907,983,529,323,436,599,188,71,27.6,2446,4949,4604,4194,1036,858,4604,2010,2594,77.5,858,363,495,73.3,7050,7039,11,7039,0,6615,28,0,0,0,0,44,0,44,0,0,0,0,0,0,0,0,0,0,352,11,11,0,0,0,7050,11,6626,28,44,0,352,7050,466,352,114,0,0,6584,0,6501,28,44,0,0,11,0,11,2443,4429,1879,2550,ACS_Demographic_DC_CensusTract_135,0,0
103,11,001,007708,11001007708,77.08,Census Tract 77.08,G5020,S,745809,129100,+38.8871944,-076.9606349,3055,1381,1674,82.5,337,322,196,100,211,476,259,332,319,212,223,57,11,31.7,883,2200,2172,2020,391,291,2172,828,1344,61.6,291,149,142,104.9,3055,3026,29,3026,0,2923,103,0,0,0,0,0,0,0,0,0,0,0,0,0,0,0,0,0,0,29,0,0,0,29,3055,0,2952,132,0,0,0,3055,0,0,0,0,0,3055,0,2923,103,0,0,0,29,0,29,1303,2172,828,1344,ACS_Demographic_DC_CensusTract_97,0,0
104,11,001,004901,11001004901,49.01,Census Tract 49.01,G5020,S,271866,0,+38.9113296,-077.0244761,3420,1991,1429,139.3,172,116,95,7,218,1392,717,159,62,138,251,78,15,32.3,390,3037,3030,3027,427,344,3030,1779,1251,142.2,344,161,183,88,3420,3346,74,3346,1923,1130,0,0,0,0,0,106,34,8,9,0,39,7,9,0,0,0,0,0,187,74,19,0,7,9,3420,1954,1158,9,152,0,226,3420,591,194,63,13,321,2829,1563,1091,0,106,0,15,54,34,20,1744,2786,1582,1204,ACS_Demographic_DC_CensusTract_114,0,0
105,11,001,000201,11001000201,2.01,Census Tract 2.01,G5020,S,503312,0,+38.9092067,-077.0743257,3922,1732,2190,79.1,0,0,0,2232,1618,8,3,21,11,4,14,7,4,19.8,67,3922,3855,756,25,25,3855,1715,2140,80.1,25,25,0,,3922,3741,181,3741,2580,245,32,0,0,0,0,831,226,286,8,0,148,77,86,0,0,0,0,0,53,181,7,6,129,0,3922,2736,266,49,985,0,67,3922,438,123,69,0,246,3484,2223,238,32,831,0,0,160,0,160,0,3377,1532,1845,ACS_Demographic_DC_CensusTract_61,0,0
106,11,001,010600,11001010600,106,Census Tract 106,G5020,S,1231590,0,+38.9033120,-077.0033103,8925,4571,4354,105,302,72,202,242,891,3829,1760,762,170,405,201,51,38,31.4,766,8349,8159,8009,572,290,8159,4111,4048,101.6,290,121,169,71.6,8925,8700,225,8700,5328,2709,0,0,0,0,0,554,47,60,92,97,143,77,38,0,0,0,0,0,109,225,85,0,95,0,8925,5529,2839,0,670,0,133,8925,429,104,0,98,227,8496,4988,2709,0,554,0,20,225,24,201,4787,7867,3999,3868,ACS_Demographic_DC_CensusTract_131,0,0
107,11,001,007806,11001007806,78.06,Census Tract 78.06,G5020,S,671434,0,+38.9055926,-076.9325520,2480,1083,1397,77.5,172,102,120,97,78,463,401,270,219,156,299,79,24,39.8,444,2086,2036,1968,499,402,2036,904,1132,79.9,402,184,218,84.4,2480,2467,13,2467,74,2350,42,0,0,0,0,0,0,0,0,0,0,0,0,0,0,0,0,0,1,13,0,13,0,0,2480,87,2350,55,0,0,1,2480,1,1,0,0,0,2479,74,2350,42,0,0,0,13,0,13,1176,2006,904,1102,ACS_Demographic_DC_CensusTract_154,0,0
108,11,001,005002,11001005002,50.02,Census Tract 50.02,G5020,S,233823,0,+38.9072785,-077.0293181,5798,3090,2708,114.1,352,128,72,20,491,1958,1136,483,414,299,292,125,28,34.5,572,5246,5226,5217,573,445,5226,2801,2425,115.5,445,268,177,151.4,5798,5560,238,5560,3088,1705,27,0,0,0,0,367,11,129,26,13,28,45,115,18,18,0,0,0,355,238,100,0,70,0,5798,3326,1826,48,458,31,389,5798,957,445,57,56,399,4841,2622,1581,27,367,18,9,217,34,183,3578,4461,2248,2213,ACS_Demographic_DC_CensusTract_125,0,0
109,11,001,010700,11001010700,107,Census Tract 107,G5020,S,891588,0,+38.9039988,-077.0419809,1768,969,799,121.3,34,0,0,28,434,668,148,109,61,25,148,113,0,30.4,34,1734,1734,1666,261,261,1734,944,790,119.5,261,136,125,108.8,1768,1699,69,1699,1309,99,0,0,0,0,0,178,82,70,0,0,8,0,18,59,0,0,0,59,54,69,30,0,39,0,1768,1378,129,0,217,59,54,1768,253,17,20,30,186,1515,1140,99,0,178,59,0,39,0,39,1174,1475,833,642,ACS_Demographic_DC_CensusTract_59,0,0
110,11,001,004902,11001004902,49.02,Census Tract 49.02,G5020,S,263879,0,+38.9058867,-077.0243932,3457,1561,1896,82.3,157,166,56,81,153,1411,649,379,121,104,127,53,0,33.1,446,3078,3011,2997,224,180,3011,1346,1665,80.8,180,23,157,14.6,3457,3225,232,3225,1713,861,55,43,0,12,0,338,88,113,12,23,43,24,35,0,0,0,0,0,258,232,42,0,52,0,3457,1819,923,132,443,0,384,3457,566,140,35,0,391,2891,1525,861,55,307,0,8,135,53,82,1701,2724,1178,1546,ACS_Demographic_DC_CensusTract_69,0,0
111,11,001,004802,11001004802,48.02,Census Tract 48.02,G5020,S,286769,0,+38.9062235,-077.0189040,3587,1856,1731,107.2,133,82,54,114,268,1356,547,348,173,175,184,133,20,31.8,383,3303,3204,3184,455,337,3204,1571,1633,96.2,337,116,221,52.5,3587,3533,54,3533,1689,1549,19,0,0,0,0,263,24,202,0,12,0,12,13,0,0,0,0,0,13,54,11,0,23,11,3587,1723,1571,30,295,0,22,3587,287,112,68,15,92,3300,1451,1531,0,251,0,13,54,9,45,1902,3008,1460,1548,ACS_Demographic_DC_CensusTract_68,0,0
112,11,001,009602,11001009602,96.02,Census Tract 96.02,G5020,S,1306703,77605,+38.9035419,-076.9522863,3793,1270,2523,50.3,424,500,100,154,335,638,432,382,291,155,304,78,0,31.7,1072,2769,2721,2586,481,382,2721,936,1785,52.4,382,87,295,29.5,3793,3641,152,3641,87,3510,0,0,0,0,0,13,0,0,0,0,0,0,13,0,0,0,0,0,31,152,0,0,0,108,3793,109,3662,130,13,0,53,3793,224,20,22,0,182,3569,77,3395,0,13,0,31,53,0,53,1937,2647,872,1775,ACS_Demographic_DC_CensusTract_92,0,0
113,11,001,008802,11001008802,88.02,Census Tract 88.02,G5020,S,468578,0,+38.9039498,-076.9866786,4419,2259,2160,104.6,214,192,162,153,236,1218,541,506,195,315,340,218,129,35.2,721,3752,3698,3698,913,687,3698,1772,1926,92,687,329,358,91.9,4419,4375,44,4375,1197,3088,10,0,0,0,0,80,12,13,21,0,0,19,15,0,0,0,0,0,0,44,0,0,32,0,4419,1241,3088,10,124,12,0,4419,119,40,26,21,32,4300,1131,3035,10,80,0,0,44,0,44,2015,3549,1633,1916,ACS_Demographic_DC_CensusTract_144,0,0
114,11,001,008903,11001008903,89.03,Census Tract 89.03,G5020,S,305651,0,+38.9041579,-076.9777180,3300,1575,1725,91.3,253,223,179,107,219,883,472,537,123,95,138,33,38,31.8,762,2585,2538,2527,279,209,2538,1242,1296,95.8,209,67,142,47.2,3300,3244,56,3244,514,2564,0,0,0,0,0,44,0,0,0,0,0,0,44,0,0,0,0,0,122,56,8,0,38,0,3300,570,2582,10,82,0,122,3300,157,23,0,0,134,3143,479,2564,0,44,0,0,56,0,56,1785,2431,1211,1220,ACS_Demographic_DC_CensusTract_142,0,0
115,11,001,004701,11001004701,47.01,Census Tract 47.01,G5020,S,324657,0,+38.9041493,-077.0136510,4886,2267,2619,86.6,83,645,160,161,479,1509,662,508,43,127,323,138,48,30,938,3977,3948,3837,620,509,3948,1670,2278,73.3,509,155,354,43.8,4886,4765,121,4765,1342,2699,0,0,0,0,0,639,248,302,0,43,0,11,35,0,0,0,0,0,85,121,9,0,17,95,4886,1368,2803,95,656,0,85,4886,212,0,107,0,105,4674,1256,2660,0,620,0,17,121,0,121,2916,3577,1475,2102,ACS_Demographic_DC_CensusTract_126,0,0
116,11,001,010100,11001010100,101,Census Tract 101,G5020,S,580133,0,+38.9026943,-077.0318400,2728,1324,1404,94.3,54,16,56,5,332,884,553,263,75,151,158,99,82,35.1,126,2602,2602,2571,410,339,2602,1286,1316,97.7,339,140,199,70.4,2728,2640,88,2640,1680,356,0,0,0,0,0,474,54,105,123,11,36,10,135,0,0,0,0,0,130,88,16,0,58,0,2728,1768,372,14,532,0,144,2728,347,79,54,0,214,2381,1444,356,0,474,0,33,74,0,74,1838,2058,1008,1050,ACS_Demographic_DC_CensusTract_113,0,0
117,11,001,008904,11001008904,89.04,Census Tract 89.04,G5020,S,449343,0,+38.9009808,-076.9748514,4237,2037,2200,92.6,352,298,262,147,293,1070,615,400,250,205,253,72,20,32.7,1048,3295,3189,3153,459,345,3189,1565,1624,96.4,345,176,169,104.1,4237,4192,45,4192,322,3651,0,0,0,0,0,27,15,9,0,0,0,3,0,0,0,0,0,0,192,45,11,0,0,0,4237,333,3696,0,27,0,226,4237,417,14,13,0,390,3820,281,3476,0,18,0,0,45,34,11,2075,2848,1384,1464,ACS_Demographic_DC_CensusTract_143,0,0
118,11,001,005600,11001005600,56,Census Tract 56,G5020,S,457260,7186,+38.9002000,-077.0538118,6773,3427,3346,102.4,80,15,33,483,2252,1596,378,275,229,227,448,604,153,27.4,162,6628,6611,5383,1284,1205,6611,3337,3274,101.9,1205,644,561,114.8,6773,6579,194,6579,4955,356,15,0,0,0,0,997,373,249,49,15,110,99,102,0,0,0,0,0,256,194,92,13,38,0,6773,5121,466,41,1063,0,294,6773,935,166,178,19,572,5838,4295,332,15,997,0,61,138,33,105,3801,5270,2617,2653,ACS_Demographic_DC_CensusTract_84,0,0
119,11,001,007807,11001007807,78.07,Census Tract 78.07,G5020,S,522749,0,+38.8985783,-076.9210632,2298,930,1368,68,24,138,142,240,196,309,279,357,144,95,248,75,51,38.7,448,1955,1850,1727,424,374,1850,739,1111,66.5,374,97,277,35,2298,2249,49,2249,17,2180,0,0,0,0,0,0,0,0,0,0,0,0,0,0,0,0,0,0,52,49,0,0,0,9,2298,41,2229,33,32,0,52,2298,58,0,0,0,58,2240,12,2179,0,0,0,0,49,0,49,949,1823,723,1100,ACS_Demographic_DC_CensusTract_153,0,0
120,11,001,007903,11001007903,79.03,Census Tract 79.03,G5020,S,247945,0,+38.8964252,-076.9743021,2002,932,1070,87.1,186,98,73,121,81,396,344,231,154,66,153,65,34,35.7,414,1626,1588,1524,305,252,1588,755,833,90.6,252,81,171,47.4,2002,1964,38,1964,512,1378,7,0,0,0,7,44,8,18,0,0,18,0,0,0,0,0,0,0,23,38,0,0,29,0,2002,550,1378,7,73,0,32,2002,102,9,5,0,88,1900,438,1378,7,44,0,4,29,0,29,914,1559,742,817,ACS_Demographic_DC_CensusTract_26,0,0
121,11,001,007809,11001007809,78.09,Census Tract 78.09,G5020,S,535254,0,+38.9015402,-076.9321955,3111,1427,1684,84.7,162,115,239,260,230,571,402,387,185,191,196,143,30,34.8,711,2524,2400,2335,455,369,2400,1005,1395,72,369,93,276,33.7,3111,3036,75,3036,0,3027,0,0,0,0,0,9,0,0,0,0,9,0,0,0,0,0,0,0,0,75,20,0,0,32,3111,31,3102,32,9,0,23,3111,67,43,12,0,12,3044,0,2972,0,9,0,0,63,0,63,1386,2379,996,1383,ACS_Demographic_DC_CensusTract_25,0,0
122,11,001,008410,11001008410,84.10,Census Tract 84.10,G5020,S,219939,0,+38.9015543,-076.9911234,1632,937,695,134.8,164,43,51,31,107,465,427,128,42,43,97,24,10,34.3,258,1374,1374,1340,148,131,1374,764,610,125.2,131,69,62,111.3,1632,1540,92,1540,928,528,4,0,4,0,0,77,34,0,9,0,28,6,0,0,0,0,0,0,3,92,8,10,40,0,1632,1012,560,14,141,0,29,1632,72,26,8,28,10,1560,892,528,4,77,0,3,56,0,56,698,1342,743,599,ACS_Demographic_DC_CensusTract_130,0,0
123,11,001,005800,11001005800,58,Census Tract 58,G5020,S,914536,0,+38.8978616,-077.0250305,3656,1773,1883,94.2,153,11,16,16,97,923,679,721,332,327,284,97,0,43.6,192,3464,3464,3453,522,381,3464,1671,1793,93.2,381,219,162,135.2,3656,3562,94,3562,2514,415,0,0,0,0,0,622,65,361,10,10,67,98,11,0,0,0,0,0,11,94,17,19,36,0,3656,2608,432,19,668,0,33,3656,413,107,30,9,267,3243,2165,385,0,622,0,0,71,0,71,2835,3056,1549,1507,ACS_Demographic_DC_CensusTract_169,0,0
124,11,001,004702,11001004702,47.02,Census Tract 47.02,G5020,S,326350,0,+38.9008608,-077.0136117,3600,1739,1861,93.4,88,27,25,52,194,1544,610,444,213,65,136,121,81,34.3,175,3439,3425,3395,378,338,3425,1618,1807,89.5,338,182,156,116.7,3600,3439,161,3439,2065,922,24,0,0,0,0,263,36,97,24,0,41,0,65,0,0,0,0,0,165,161,44,7,50,8,3600,2218,993,39,338,33,165,3600,353,154,24,13,162,3247,1882,922,19,259,0,4,161,0,161,2100,3072,1470,1602,ACS_Demographic_DC_CensusTract_103,0,0
125,11,001,010800,11001010800,108,Census Tract 108,G5020,S,661580,0,+38.8973521,-077.0446120,6460,2819,3641,77.4,12,12,0,3275,2449,259,165,58,97,73,29,7,24,20,62,6436,6398,2148,133,60,6398,2806,3592,78.1,60,30,30,100,6460,6226,234,6226,4627,663,66,35,0,0,0,794,184,377,18,13,106,25,71,7,7,0,0,0,69,234,38,13,138,4,6460,4843,716,91,937,7,105,6460,690,89,64,31,506,5770,4107,618,47,780,7,2,209,24,185,1108,5522,2394,3128,ACS_Demographic_DC_CensusTract_146,0,0
126,11,001,007803,11001007803,78.03,Census Tract 78.03,G5020,S,986684,3755,+38.8962674,-076.9407751,4354,2123,2231,95.2,512,165,150,350,437,641,617,443,323,279,258,149,30,33.3,1046,3456,3308,3055,677,437,3308,1659,1649,100.6,437,192,245,78.4,4354,4237,117,4237,152,3822,0,0,0,0,0,10,0,0,0,0,10,0,0,0,0,0,0,0,253,117,70,0,0,9,4354,222,3939,9,23,0,278,4354,297,0,30,0,267,4057,122,3812,0,10,0,21,92,0,92,2161,3239,1616,1623,ACS_Demographic_DC_CensusTract_138,0,0
127,11,001,005900,11001005900,59,Census Tract 59,G5020,S,642061,0,+38.8959946,-077.0149469,2511,1320,1191,110.8,21,22,0,81,726,805,273,209,107,131,113,15,8,27.6,43,2468,2468,2333,245,136,2468,1308,1160,112.8,136,54,82,65.9,2511,2414,97,2414,1453,563,0,0,0,0,0,325,74,144,30,17,34,19,7,0,0,0,0,0,73,97,51,0,38,0,2511,1550,614,0,371,0,81,2511,215,20,47,24,124,2296,1276,563,0,325,0,35,97,0,97,1483,2273,1221,1052,ACS_Demographic_DC_CensusTract_115,0,0
128,11,001,007804,11001007804,78.04,Census Tract 78.04,G5020,S,838428,5705,+38.8942107,-076.9313427,4220,2058,2162,95.2,324,342,344,344,365,733,413,294,276,194,374,170,47,30.1,1151,3183,3069,2866,652,591,3069,1361,1708,79.7,591,272,319,85.3,4220,4035,185,4035,60,3961,0,0,0,0,0,14,0,8,6,0,0,0,0,0,0,0,0,0,0,185,132,0,0,0,4220,218,4146,0,59,8,0,4220,35,0,0,0,35,4185,60,3926,0,14,0,0,185,0,185,1508,3050,1361,1689,ACS_Demographic_DC_CensusTract_139,0,0
129,11,001,008402,11001008402,84.02,Census Tract 84.02,G5020,S,274180,0,+38.8985960,-076.9910210,2333,1009,1324,76.2,114,28,46,40,43,856,368,237,136,123,241,63,38,35.6,217,2145,2116,2105,441,342,2116,906,1210,74.9,342,121,221,54.8,2333,2232,101,2232,1585,610,0,0,0,0,0,29,0,6,0,0,12,0,11,0,0,0,0,0,8,101,30,0,71,0,2333,1686,640,0,100,0,8,2333,159,80,28,0,51,2174,1434,610,0,29,0,0,101,0,101,1291,2062,860,1202,ACS_Demographic_DC_CensusTract_91,0,0
130,11,001,006202,11001006202,62.02,Census Tract 62.02,G5020,S,6539770,4970897,+38.8809933,-077.0363219,58,38,20,190,0,0,0,0,20,38,0,0,0,0,0,0,0,,0,58,58,58,0,0,58,38,20,190,0,0,0,,58,58,0,58,58,0,0,0,0,0,0,0,0,0,0,0,0,0,0,0,0,0,0,0,0,0,0,0,0,0,58,58,0,0,0,0,0,58,0,0,0,0,0,58,58,0,0,0,0,0,0,0,0,38,58,38,20,ACS_Demographic_DC_CensusTract_96,0,0
131,11,001,008301,11001008301,83.01,Census Tract 83.01,G5020,S,303973,0,+38.8970373,-077.0008008,2601,1324,1277,103.7,231,126,54,35,172,969,357,249,96,86,188,38,0,31.9,418,2190,2183,2134,291,226,2183,1085,1098,98.8,226,104,122,85.2,2601,2560,41,2560,2199,274,0,0,0,0,0,56,10,32,0,0,0,0,14,0,0,0,0,0,31,41,0,9,9,12,2601,2228,286,21,65,0,42,2601,152,68,0,7,77,2449,2083,269,0,56,0,0,41,11,30,1412,2069,1029,1040,ACS_Demographic_DC_CensusTract_78,0,0
132,11,001,007603,11001007603,76.03,Census Tract 76.03,G5020,S,1226616,0,+38.8591090,-076.9585469,4214,1756,2458,71.4,484,179,263,165,64,685,548,611,182,223,409,248,153,39.5,1091,3209,3123,3122,985,810,3123,1198,1925,62.2,810,353,457,77.2,4214,4156,58,4156,195,3923,0,0,0,0,0,38,15,0,23,0,0,0,0,0,0,0,0,0,0,58,32,0,0,26,4214,227,3981,26,38,0,0,4214,83,0,18,0,65,4131,174,3902,0,15,0,0,40,0,40,2477,3123,1198,1925,ACS_Demographic_DC_CensusTract_124,0,0
133,11,001,007407,11001007407,74.07,Census Tract 74.07,G5020,S,604673,0,+38.8574905,-076.9850809,3234,1200,2034,59,292,236,221,249,159,654,418,326,217,171,264,19,8,32.4,922,2426,2312,2218,453,291,2312,753,1559,48.3,291,91,200,45.5,3234,3206,28,3206,80,3108,0,0,0,0,0,18,0,18,0,0,0,0,0,0,0,0,0,0,0,28,0,0,0,28,3234,80,3136,28,18,0,0,3234,70,8,0,0,62,3164,72,3046,0,18,0,0,28,0,28,1540,2239,742,1497,ACS_Demographic_DC_CensusTract_57,0,0
134,11,001,007502,11001007502,75.02,Census Tract 75.02,G5020,S,615830,0,+38.8566329,-076.9695453,5933,2673,3260,82,639,394,528,669,212,697,715,639,335,351,541,153,60,31.3,1943,4058,3990,3681,878,754,3990,1762,2228,79.1,754,323,431,74.9,5933,5914,19,5914,47,5858,0,0,0,0,0,0,0,0,0,0,0,0,0,0,0,0,0,0,9,19,0,0,0,7,5933,47,5865,19,12,0,9,5933,0,0,0,0,0,5933,47,5858,0,0,0,9,19,0,19,2124,3978,1750,2228,ACS_Demographic_DC_CensusTract_85,0,0
135,11,001,010400,11001010400,104,Census Tract 104,G5020,S,2607546,7006,+38.8512514,-077.0009048,5258,2350,2908,80.8,454,678,369,481,425,709,763,371,383,191,302,91,41,26.6,1815,3566,3443,3249,546,434,3443,1638,1805,90.7,434,233,201,115.9,5258,5233,25,5233,274,4959,0,0,0,0,0,0,0,0,0,0,0,0,0,0,0,0,0,0,0,25,0,0,0,0,5258,299,4984,25,0,0,0,5258,108,0,0,44,64,5150,210,4915,0,0,0,0,25,0,25,1834,3443,1638,1805,ACS_Demographic_DC_CensusTract_2,0,0
136,11,001,007406,11001007406,74.06,Census Tract 74.06,G5020,S,360152,0,+38.8555543,-076.9895582,3809,1260,2549,49.4,622,370,394,490,355,733,276,338,136,19,30,29,17,20.3,1649,2357,2160,1829,83,76,2160,604,1556,38.8,76,22,54,40.7,3809,3775,34,3775,3,3397,0,0,0,0,0,0,0,0,0,0,0,0,0,0,0,0,0,0,375,34,22,0,0,12,3809,25,3431,12,0,0,375,3809,296,10,0,0,286,3513,3,3397,0,0,0,79,34,0,34,1258,2056,562,1494,ACS_Demographic_DC_CensusTract_120,0,0
137,11,001,007408,11001007408,74.08,Census Tract 74.08,G5020,S,376376,0,+38.8526056,-076.9706838,3193,1682,1511,111.3,334,288,271,170,251,517,492,279,159,252,82,98,0,31.2,1014,2259,2179,2112,304,180,2179,1174,1005,116.8,180,25,155,16.1,3193,3193,0,3193,94,2924,72,72,0,0,0,0,0,0,0,0,0,0,0,0,0,0,0,0,103,0,0,0,0,0,3193,94,2924,72,0,0,103,3193,9,0,9,0,0,3184,94,2924,72,0,0,94,0,0,0,1310,2179,1174,1005,ACS_Demographic_DC_CensusTract_23,0,0
138,11,001,007404,11001007404,74.04,Census Tract 74.04,G5020,S,827054,0,+38.8503390,-076.9821013,4061,1999,2062,96.9,485,287,395,267,325,584,580,479,176,138,322,16,7,27.8,1356,2785,2705,2563,438,345,2705,1237,1468,84.3,345,178,167,106.6,4061,4024,37,4024,85,3669,0,0,0,0,0,8,0,0,8,0,0,0,0,0,0,0,0,0,262,37,9,0,0,9,4061,113,3706,28,8,0,281,4061,394,92,268,0,34,3667,85,3453,0,8,0,103,18,0,18,1413,2682,1225,1457,ACS_Demographic_DC_CensusTract_75,0,0
139,11,001,007403,11001007403,74.03,Census Tract 74.03,G5020,S,330204,0,+38.8484766,-076.9743666,2805,1218,1587,76.7,129,213,251,178,329,658,300,420,153,65,90,19,0,28.8,703,2160,2102,2020,163,109,2102,855,1247,68.6,109,41,68,60.3,2805,2805,0,2805,36,2715,0,0,0,0,0,0,0,0,0,0,0,0,0,0,0,0,0,0,54,0,0,0,0,0,2805,36,2715,0,0,0,54,2805,41,0,41,0,0,2764,36,2674,0,0,0,54,0,0,0,1139,2057,848,1209,ACS_Demographic_DC_CensusTract_71,0,0
140,11,001,007409,11001007409,74.09,Census Tract 74.09,G5020,S,397785,0,+38.8452834,-076.9743268,4405,1698,2707,62.7,350,439,542,214,258,803,616,398,207,237,220,50,71,28.2,1429,3005,2976,2783,503,341,2976,1273,1703,74.8,341,92,249,36.9,4405,4262,143,4262,10,3965,0,0,0,0,0,44,0,0,23,0,21,0,0,0,0,0,0,0,243,143,42,0,0,101,4405,52,4108,101,44,0,243,4405,243,0,0,0,243,4162,10,3965,0,44,0,0,143,0,143,1637,2812,1163,1649,ACS_Demographic_DC_CensusTract_24,0,0
141,11,001,007304,11001007304,73.04,Census Tract 73.04,G5020,S,1240628,11466,+38.8417979,-076.9855591,4245,1627,2618,62.1,370,273,444,337,288,731,495,558,163,180,195,137,74,30.1,1354,3036,2891,2821,495,406,2891,1062,1829,58.1,406,190,216,88,4245,4224,21,4224,59,4049,0,0,0,0,0,0,0,0,0,0,0,0,0,0,0,0,0,0,116,21,0,0,0,21,4245,59,4070,21,0,0,116,4245,128,0,12,0,116,4117,59,4037,0,0,0,0,21,0,21,1543,2844,1035,1809,ACS_Demographic_DC_CensusTract_82,0,0
142,11,001,009804,11001009804,98.04,Census Tract 98.04,G5020,S,518363,0,+38.8396610,-076.9978352,2787,1261,1526,82.6,210,246,188,240,201,327,447,305,285,97,143,86,12,33.9,780,2117,2007,1842,304,241,2007,811,1196,67.8,241,101,140,72.1,2787,2653,134,2653,54,2352,0,0,0,0,0,15,0,5,7,0,0,0,3,0,0,0,0,0,232,134,21,0,0,102,2787,75,2475,113,26,0,232,2787,263,173,32,13,45,2524,50,2325,0,15,0,0,134,0,134,1122,1963,792,1171,ACS_Demographic_DC_CensusTract_163,0,0
143,11,001,009803,11001009803,98.03,Census Tract 98.03,G5020,S,531060,0,+38.8358693,-077.0040833,3070,1298,1772,73.3,187,269,158,197,201,607,436,269,138,249,292,48,19,33,704,2456,2366,2224,531,359,2366,907,1459,62.2,359,182,177,102.8,3070,3047,23,3047,45,2991,11,0,0,0,0,0,0,0,0,0,0,0,0,0,0,0,0,0,0,23,12,0,0,11,3070,57,3014,22,0,0,0,3070,13,0,0,0,13,3057,45,2978,11,0,0,0,23,0,23,1449,2353,907,1446,ACS_Demographic_DC_CensusTract_173,0,0
144,11,001,009807,11001009807,98.07,Census Tract 98.07,G5020,S,1037012,0,+38.8292038,-077.0117577,3388,1527,1861,82.1,227,273,87,140,90,573,521,367,221,322,290,240,37,41.8,635,2764,2753,2619,679,567,2753,1291,1462,88.3,567,230,337,68.2,3388,3310,78,3310,112,3198,0,0,0,0,0,0,0,0,0,0,0,0,0,0,0,0,0,0,0,78,78,0,0,0,3388,190,3276,0,0,0,0,3388,3,0,0,0,3,3385,112,3195,0,0,0,0,78,0,78,1627,2741,1279,1462,ACS_Demographic_DC_CensusTract_171,0,0
145,11,001,009700,11001009700,97,Census Tract 97,G5020,S,403051,6711,+38.8354183,-076.9870248,3271,1593,1678,94.9,330,459,332,96,327,432,320,276,215,178,212,73,21,26.9,1135,2150,2136,2007,385,306,2136,1009,1127,89.5,306,183,123,148.8,3271,3271,0,3271,70,3191,0,0,0,0,0,0,0,0,0,0,0,0,0,0,0,0,0,0,10,0,0,0,0,0,3271,70,3191,0,0,0,10,3271,98,0,0,0,98,3173,54,3109,0,0,0,10,0,0,0,1309,2025,983,1042,ACS_Demographic_DC_CensusTract_45,0,0
146,11,001,009801,11001009801,98.01,Census Tract 98.01,G5020,S,431384,17249,+38.8328939,-076.9963306,2196,935,1261,74.1,216,223,146,182,214,382,165,228,89,50,139,123,39,26.4,674,1587,1522,1371,337,301,1522,586,936,62.6,301,56,245,22.9,2196,2165,31,2165,57,2044,22,0,0,0,0,0,0,0,0,0,0,0,0,0,0,0,0,0,42,31,0,0,0,0,2196,57,2075,22,31,0,42,2196,106,24,14,0,68,2090,35,2018,6,0,0,0,31,0,31,926,1443,520,923,ACS_Demographic_DC_CensusTract_46,0,0
147,11,001,009802,11001009802,98.02,Census Tract 98.02,G5020,S,200745,0,+38.8307312,-076.9965578,2071,978,1093,89.5,212,212,176,103,172,390,280,263,93,48,93,23,6,28.7,662,1462,1409,1282,139,122,1409,588,821,71.6,122,46,76,60.5,2071,2071,0,2071,59,1995,0,0,0,0,0,12,0,0,0,0,12,0,0,0,0,0,0,0,5,0,0,0,0,0,2071,59,1995,0,12,0,5,2071,62,0,10,0,52,2009,12,1985,0,12,0,0,0,0,0,864,1375,560,815,ACS_Demographic_DC_CensusTract_172,0,0
148,11,001,009810,11001009810,98.10,Census Tract 98.10,G5020,S,398419,14058,+38.8260370,-077.0037886,2828,1318,1510,87.3,274,231,176,154,346,441,394,365,108,144,108,60,27,28.4,835,2103,1993,1957,250,195,1993,918,1075,85.4,195,54,141,38.3,2828,2677,151,2677,106,2442,0,0,0,0,0,0,0,0,0,0,0,0,0,0,0,0,0,0,129,151,43,0,0,80,2828,177,2593,80,28,0,129,2828,105,2,1,0,102,2723,4,2439,0,0,0,129,151,0,151,1274,1826,751,1075,ACS_Demographic_DC_CensusTract_145,0,0
149,11,001,009811,11001009811,98.11,Census Tract 98.11,G5020,S,467504,0,+38.8266511,-076.9984594,4633,1978,2655,74.5,353,404,458,386,270,836,620,367,196,351,302,79,11,29.8,1445,3265,3188,2968,592,392,3188,1276,1912,66.7,392,173,219,79,4633,4531,102,4531,42,4489,0,0,0,0,0,0,0,0,0,0,0,0,0,0,0,0,0,0,0,102,0,0,0,0,4633,42,4591,0,102,10,0,4633,13,13,0,0,0,4620,42,4476,0,0,0,0,102,0,102,2099,3188,1276,1912,ACS_Demographic_DC_CensusTract_150,0,0
150,11,001,010900,11001010900,109,Census Tract 109,G5020,S,2380956,2935327,+38.8132364,-077.0238475,3779,1827,1952,93.6,523,371,137,285,479,809,317,293,182,130,229,12,12,25.7,1171,2679,2608,2333,346,253,2608,1174,1434,81.9,253,115,138,83.3,3779,3685,94,3685,53,3591,0,0,0,0,0,24,0,0,0,0,0,0,24,0,0,0,0,0,17,94,22,0,0,4,3779,88,3685,17,44,20,52,3779,64,30,30,4,0,3715,44,3575,0,24,0,17,55,0,55,1421,2532,1129,1403,ACS_Demographic_DC_CensusTract_1,0,0
151,11,001,009904,11001009904,99.04,Census Tract 99.04,G5020,S,426198,0,+38.8851712,-076.9311353,3121,1418,1703,83.3,501,239,192,168,315,419,438,388,181,139,122,18,1,28.2,1056,2158,2065,2012,184,141,2065,867,1198,72.4,141,89,52,171.2,3121,3080,41,3080,85,2752,0,0,0,0,0,0,0,0,0,0,0,0,0,28,0,19,0,9,215,41,28,0,0,7,3121,113,2793,7,0,28,221,3121,314,218,0,0,96,2807,84,2673,0,0,9,0,41,6,35,1339,1886,753,1133,ACS_Demographic_DC_CensusTract_4,0,0
152,11,001,009903,11001009903,99.03,Census Tract 99.03,G5020,S,383679,0,+38.8883180,-076.9212121,2244,865,1379,62.7,154,174,135,180,101,355,365,314,82,150,125,57,52,37.1,582,1767,1662,1577,285,234,1662,657,1005,65.4,234,39,195,20,2244,2204,40,2204,87,2099,0,0,0,0,0,0,0,0,0,0,0,0,0,0,0,0,0,0,18,40,40,0,0,0,2244,127,2139,0,0,0,18,2244,26,0,0,0,26,2218,72,2088,0,0,0,18,40,0,40,764,1588,608,980,ACS_Demographic_DC_CensusTract_3,0,0
153,11,001,006600,11001006600,66,Census Tract 66,G5020,S,287216,0,+38.8877565,-076.9982739,1996,1017,979,103.9,76,120,30,48,33,524,316,190,124,64,205,255,11,41.2,242,1770,1754,1722,527,471,1754,850,904,94,471,227,244,93,1996,1860,136,1860,1734,28,0,0,0,0,0,98,0,29,49,0,6,0,14,0,0,0,0,0,0,136,0,0,130,0,1996,1864,28,0,234,0,6,1996,64,40,12,0,12,1932,1670,28,0,98,0,0,136,6,130,1127,1645,789,856,ACS_Demographic_DC_CensusTract_18,0,0
154,11,001,006700,11001006700,67,Census Tract 67,G5020,S,428358,0,+38.8875984,-076.9899590,4424,2152,2272,94.7,373,167,182,17,77,1028,1009,495,160,166,456,220,74,36.8,739,3702,3685,3685,840,750,3685,1845,1840,100.3,750,416,334,124.6,4424,4358,66,4358,3627,477,0,0,0,0,0,220,80,31,32,0,42,20,15,16,0,0,16,0,18,66,0,22,9,0,4424,3673,487,22,249,31,28,4424,271,91,17,14,149,4153,3372,477,0,220,0,18,66,10,56,1932,3567,1783,1784,ACS_Demographic_DC_CensusTract_19,0,0
155,11,001,006801,11001006801,68.01,Census Tract 68.01,G5020,S,244750,0,+38.8877413,-076.9801087,2454,1158,1296,89.4,201,83,44,53,133,720,547,193,180,113,92,51,44,34.9,342,2112,2112,2072,241,187,2112,946,1166,81.1,187,57,130,43.8,2454,2313,141,2313,1373,782,0,0,0,0,0,134,68,20,11,0,0,15,20,0,0,0,0,0,24,141,0,48,54,0,2454,1487,782,48,215,0,63,2454,171,37,64,31,39,2283,1239,771,0,134,0,10,129,27,102,1100,2033,911,1122,ACS_Demographic_DC_CensusTract_58,0,0
156,11,001,009905,11001009905,99.05,Census Tract 99.05,G5020,S,431558,0,+38.8843295,-076.9250522,2793,1386,1407,98.5,346,213,152,201,152,383,213,377,271,184,214,70,17,32.3,809,2023,1984,1849,404,301,1984,909,1075,84.6,301,95,206,46.1,2793,2706,87,2706,31,2652,0,0,0,0,0,0,0,0,0,0,0,0,0,0,0,0,0,0,23,87,75,0,0,0,2793,106,2739,0,0,12,23,2793,0,0,0,0,0,2793,31,2652,0,0,0,23,87,0,87,1350,1906,899,1007,ACS_Demographic_DC_CensusTract_10,0,0
157,11,001,006500,11001006500,65,Census Tract 65,G5020,S,504907,0,+38.8838476,-077.0033376,3010,1446,1564,92.5,212,116,70,122,150,951,452,293,173,124,213,65,69,33.3,498,2566,2512,2490,398,347,2512,1204,1308,92,347,143,204,70.1,3010,2930,80,2930,2264,355,0,0,0,0,0,16,0,16,0,0,0,0,0,0,0,0,0,0,295,80,38,0,7,0,3010,2320,417,23,35,0,318,3010,603,109,0,146,348,2407,1986,355,0,16,0,3,47,0,47,1476,2240,1135,1105,ACS_Demographic_DC_CensusTract_17,0,0
158,11,001,010200,11001010200,102,Census Tract 102,G5020,S,1244365,136323,+38.8823937,-077.0230483,3654,1803,1851,97.4,177,57,27,47,204,1209,864,267,137,164,289,170,42,35.9,294,3376,3360,3346,598,501,3360,1651,1709,96.6,501,193,308,62.7,3654,3471,183,3471,2253,860,83,15,0,0,68,241,33,53,49,10,48,48,0,0,0,0,0,0,34,183,103,7,26,0,3654,2408,997,109,295,13,34,3654,298,82,10,44,162,3356,2014,850,83,241,0,0,168,0,168,2422,3194,1558,1636,ACS_Demographic_DC_CensusTract_20,0,0
159,11,001,010500,11001010500,105,Census Tract 105,G5020,S,749891,0,+38.8818529,-077.0133789,3921,2051,1870,109.7,199,59,59,121,214,1247,839,494,201,148,177,163,0,35.3,399,3577,3522,3408,472,340,3522,1895,1627,116.5,340,188,152,123.7,3921,3711,210,3711,1872,1547,0,0,0,0,0,174,22,0,79,0,29,0,44,28,0,0,20,8,90,210,162,0,33,15,3921,2067,1724,15,207,28,90,3921,289,122,20,0,147,3632,1753,1494,0,174,8,22,181,0,181,2369,3279,1804,1475,ACS_Demographic_DC_CensusTract_80,0,0
160,11,001,006900,11001006900,69,Census Tract 69,G5020,S,398513,0,+38.8836933,-076.9873112,2699,1263,1436,88,209,206,125,21,13,726,544,431,56,98,190,29,51,36.4,555,2159,2144,2138,355,270,2144,1009,1135,88.9,270,132,138,95.7,2699,2439,260,2439,1992,424,0,0,0,0,0,23,0,8,0,0,15,0,0,0,0,0,0,0,0,260,127,29,42,0,2699,2252,613,63,65,0,28,2699,118,28,7,0,83,2581,1978,424,0,23,0,0,156,0,156,1260,2047,985,1062,ACS_Demographic_DC_CensusTract_40,0,0
161,11,001,006802,11001006802,68.02,Census Tract 68.02,G5020,S,280108,0,+38.8832158,-076.9814483,2578,1205,1373,87.8,208,187,79,48,189,718,435,344,109,71,95,68,27,32.6,491,2104,2087,2042,235,190,2087,948,1139,83.2,190,76,114,66.7,2578,2498,80,2498,1798,651,0,0,0,0,0,43,10,0,0,0,26,0,7,0,0,0,0,0,6,80,12,7,51,0,2578,1868,673,7,94,0,16,2578,99,40,2,6,51,2479,1715,651,0,43,0,0,70,0,70,1079,2061,942,1119,ACS_Demographic_DC_CensusTract_22,0,0
162,11,001,009907,11001009907,99.07,Census Tract 99.07,G5020,S,466954,0,+38.8827718,-076.9388146,2675,1070,1605,66.7,212,153,178,173,189,411,489,288,128,148,138,161,7,35.2,580,2121,2095,1959,402,306,2095,832,1263,65.9,306,134,172,77.9,2675,2657,18,2657,12,2645,0,0,0,0,0,0,0,0,0,0,0,0,0,0,0,0,0,0,0,18,18,0,0,0,2675,30,2663,0,0,0,0,2675,54,0,0,0,54,2621,12,2609,0,0,0,0,0,0,0,1227,2060,819,1241,ACS_Demographic_DC_CensusTract_33,0,0
163,11,001,007000,11001007000,70,Census Tract 70,G5020,S,423352,0,+38.8813482,-076.9959084,2444,1307,1137,115,144,74,63,111,262,620,472,261,113,61,217,36,10,33.8,303,2143,2141,1973,290,263,2141,1214,927,131,263,101,162,62.3,2444,2375,69,2375,2161,82,0,0,0,0,0,44,12,12,0,12,0,0,8,0,0,0,0,0,88,69,10,5,31,0,2444,2226,110,19,77,5,90,2444,242,158,10,13,61,2202,2019,77,0,44,0,0,62,0,62,1187,2057,1179,878,ACS_Demographic_DC_CensusTract_38,0,0
164,11,001,009901,11001009901,99.01,Census Tract 99.01,G5020,S,2102151,0,+38.8753461,-076.9553332,2777,1417,1360,104.2,154,133,98,128,127,367,417,287,134,158,433,167,174,43.4,449,2362,2328,2218,842,774,2328,1194,1134,105.3,774,345,429,80.4,2777,2700,77,2700,240,2205,0,0,0,0,0,241,0,11,0,10,220,0,0,0,0,0,0,0,14,77,0,0,36,8,2777,309,2232,8,277,0,47,2777,84,26,11,0,47,2693,213,2195,0,241,0,0,44,0,44,1067,2287,1172,1115,ACS_Demographic_DC_CensusTract_116,0,0
165,11,001,007100,11001007100,71,Census Tract 71,G5020,S,602223,149901,+38.8771811,-076.9868380,3369,1653,1716,96.3,329,192,181,189,131,1098,399,362,143,80,182,61,22,31.6,848,2652,2521,2465,309,265,2521,1125,1396,80.6,265,110,155,71,3369,3259,110,3259,1325,1788,0,0,0,0,0,146,46,33,9,0,0,19,39,0,0,0,0,0,0,110,53,0,20,0,3369,1405,1850,8,187,7,22,3369,244,18,104,0,122,3125,1122,1747,0,146,0,0,110,22,88,1430,2371,1024,1347,ACS_Demographic_DC_CensusTract_39,0,0
166,11,001,007709,11001007709,77.09,Census Tract 77.09,G5020,S,828872,82685,+38.8798620,-076.9675363,2410,1154,1256,91.9,60,108,177,233,143,320,347,357,174,131,230,40,90,39.9,498,2006,1912,1805,409,360,1912,859,1053,81.6,360,138,222,62.2,2410,2309,101,2309,24,2268,17,0,0,0,0,0,0,0,0,0,0,0,0,0,0,0,0,0,0,101,0,0,0,62,2410,24,2369,79,0,11,28,2410,68,0,0,7,61,2342,14,2210,17,0,0,0,101,28,73,1193,1890,844,1046,ACS_Demographic_DC_CensusTract_137,0,0
167,11,001,007707,11001007707,77.07,Census Tract 77.07,G5020,S,842851,0,+38.8779453,-076.9353432,4748,2318,2430,95.4,446,278,372,330,301,913,487,412,296,252,251,249,161,32.1,1289,3572,3459,3287,808,661,3459,1682,1777,94.7,661,356,305,116.7,4748,4686,62,4686,52,4626,0,0,0,0,0,0,0,0,0,0,0,0,0,0,0,0,0,0,8,62,42,0,0,20,4748,94,4688,20,0,0,8,4748,74,0,54,9,11,4674,52,4560,0,0,0,0,62,0,62,1783,3423,1654,1769,ACS_Demographic_DC_CensusTract_136,0,0
168,11,001,007200,11001007200,72,Census Tract 72,G5020,S,1368064,312418,+38.8756862,-077.0013043,6827,3275,3552,92.2,349,142,31,28,334,3391,1413,415,169,169,248,66,72,31.9,533,6305,6294,6269,523,386,6294,3023,3271,92.4,386,143,243,58.8,6827,6558,269,6558,4721,1464,0,0,0,0,0,335,66,141,22,0,51,39,16,0,0,0,0,0,38,269,68,0,147,0,6827,4990,1564,0,514,0,60,6827,409,124,162,12,111,6418,4426,1410,0,335,0,0,247,0,247,4209,6189,2996,3193,ACS_Demographic_DC_CensusTract_41,0,0
169,11,001,009902,11001009902,99.02,Census Tract 99.02,G5020,S,1294559,0,+38.8717861,-076.9445542,3202,1599,1603,99.8,78,224,214,63,121,638,523,454,95,304,201,202,85,39.2,579,2651,2623,2591,708,488,2623,1275,1348,94.6,488,148,340,43.5,3202,3161,41,3161,60,3087,0,0,0,0,0,14,8,0,6,0,0,0,0,0,0,0,0,0,0,41,0,0,0,0,3202,60,3128,0,14,0,41,3202,41,0,0,41,0,3161,60,3087,0,14,0,0,0,0,0,1302,2594,1266,1328,ACS_Demographic_DC_CensusTract_99,0,0
170,11,001,011000,11001011000,110,Census Tract 110,G5020,S,654090,364121,+38.8681789,-077.0182455,4099,1670,2429,68.8,63,0,0,72,235,1165,298,593,332,270,539,377,155,47.5,135,3964,3964,3956,1269,1071,3964,1645,2319,70.9,1071,406,665,61.1,4099,3984,115,3984,2777,1104,0,0,0,0,0,68,0,12,28,0,0,0,28,0,0,0,0,0,35,115,38,0,10,51,4099,2841,1209,51,94,0,35,4099,436,10,36,4,386,3663,2388,1104,0,58,0,0,113,0,113,2640,3781,1580,2201,ACS_Demographic_DC_CensusTract_21,0,0
171,11,001,007601,11001007601,76.01,Census Tract 76.01,G5020,S,1115359,141529,+38.8716327,-076.9798185,5162,2304,2858,80.6,492,370,133,144,326,876,615,630,615,345,333,228,55,37.9,1021,4167,4141,3934,769,616,4141,1852,2289,80.9,616,210,406,51.7,5162,5109,53,5109,379,4664,0,0,0,0,0,11,0,11,0,0,0,0,0,0,0,0,0,0,55,53,23,17,0,13,5162,419,4700,30,11,0,55,5162,148,27,13,0,108,5014,354,4596,0,11,0,0,53,0,53,2351,4026,1759,2267,ACS_Demographic_DC_CensusTract_106,0,0
172,11,001,006400,11001006400,64,Census Tract 64,G5020,S,688025,246481,+38.8688572,-077.0114342,2834,1360,1474,92.3,194,115,179,122,176,753,425,240,133,120,244,115,18,31.9,532,2346,2302,2224,459,377,2302,998,1304,76.5,377,99,278,35.6,2834,2787,47,2787,582,2173,0,0,0,0,0,22,0,16,0,0,6,0,0,0,0,0,0,0,10,47,5,0,9,22,2834,596,2211,22,31,11,10,2834,55,23,13,9,10,2779,550,2160,0,22,0,0,47,0,47,1435,2209,932,1277,ACS_Demographic_DC_CensusTract_16,0,0
173,11,001,007604,11001007604,76.04,Census Tract 76.04,G5020,S,1369580,0,+38.8660921,-076.9638007,4189,1846,2343,78.8,383,293,165,133,201,515,547,832,208,347,350,150,65,40.5,922,3310,3267,3185,735,565,3267,1536,1731,88.7,565,255,310,82.3,4189,4011,178,4011,323,3481,43,0,0,0,0,59,15,0,32,0,12,0,0,0,0,0,0,0,105,178,27,0,0,10,4189,429,3659,132,80,0,163,4189,147,44,0,0,103,4042,279,3481,43,59,0,19,161,41,120,2037,3198,1510,1688,ACS_Demographic_DC_CensusTract_122,0,0
174,11,001,007401,11001007401,74.01,Census Tract 74.01,G5020,S,1203296,200980,+38.8675208,-076.9991203,1721,750,971,77.2,94,110,162,114,188,254,207,193,65,111,161,47,15,32.7,424,1336,1297,1209,275,223,1297,563,734,76.7,223,108,115,93.9,1721,1721,0,1721,78,1547,0,0,0,0,0,46,11,0,0,0,25,0,10,0,0,0,0,0,50,0,0,0,0,0,1721,78,1547,0,46,0,50,1721,43,0,0,0,43,1678,58,1547,0,46,0,27,0,0,0,1072,1236,537,699,ACS_Demographic_DC_CensusTract_70,0,0
175,11,001,007301,11001007301,73.01,Census Tract 73.01,G5020,S,4684640,5139019,+38.8349280,-077.0244450,4803,2517,2286,110.1,1069,491,236,163,513,1078,663,311,186,57,36,0,0,24.3,1856,2947,2947,2713,53,36,2947,1734,1213,143,36,23,13,176.9,4803,4467,336,4467,3113,1130,5,5,0,0,0,142,8,23,45,0,44,0,22,3,0,0,0,3,74,336,139,46,107,32,4803,3413,1305,83,249,3,86,4803,992,650,54,57,231,3811,2425,961,5,138,0,0,282,0,282,1368,2841,1718,1123,ACS_Demographic_DC_CensusTract_76,0,0
176,11,001,007503,11001007503,75.03,Census Tract 75.03,G5020,S,515179,0,+38.8640724,-076.9870900,2619,1196,1423,84,326,272,167,98,193,571,201,252,143,132,149,99,16,28.9,805,1834,1814,1743,349,264,1814,792,1022,77.5,264,75,189,39.7,2619,2602,17,2602,250,2334,0,0,0,0,0,0,0,0,0,0,0,0,0,0,0,0,0,0,18,17,17,0,0,0,2619,267,2351,0,0,0,18,2619,107,0,34,0,73,2512,240,2261,0,0,0,0,11,0,11,1042,1808,786,1022,ACS_Demographic_DC_CensusTract_86,0,0
177,11,001,007605,11001007605,76.05,Census Tract 76.05,G5020,S,453794,0,+38.8660433,-076.9752566,4256,1893,2363,80.1,349,173,274,191,259,783,388,559,313,259,383,208,117,36.9,870,3449,3386,3198,864,708,3386,1349,2037,66.2,708,191,517,36.9,4256,4170,86,4170,204,3629,0,0,0,0,0,44,0,9,0,0,0,0,35,0,0,0,0,0,293,86,2,0,25,7,4256,266,3673,24,69,0,345,4256,328,293,0,0,35,3928,204,3629,0,44,0,0,51,17,34,1840,3273,1294,1979,ACS_Demographic_DC_CensusTract_123,0,0
178,11,001,007504,11001007504,75.04,Census Tract 75.04,G5020,S,796568,0,+38.8610018,-076.9794091,2999,1415,1584,89.3,338,302,215,141,234,419,309,442,159,247,148,26,19,31.8,949,2108,2050,1992,357,193,2050,936,1114,84,193,84,109,77.1,2999,2990,9,2990,13,2951,19,0,0,0,0,0,0,0,0,0,0,0,0,0,0,0,0,0,7,9,0,0,0,0,2999,22,2951,19,0,0,16,2999,16,0,0,0,16,2983,13,2951,19,0,0,0,0,0,0,1387,2036,936,1100,ACS_Demographic_DC_CensusTract_107,0,0
179,11,001,001200,11001001200,12,Census Tract 12,G5020,S,1218245,0,+38.9462264,-077.0705239,5362,2605,2757,94.5,413,292,274,159,201,833,1041,738,371,284,414,280,62,38.9,1107,4337,4255,4215,895,756,4255,1924,2331,82.5,756,265,491,54,5362,5099,263,5099,4055,432,0,0,0,0,0,555,175,24,308,30,0,0,18,0,0,0,0,0,57,263,90,0,147,0,5362,4318,522,0,702,0,83,5362,576,76,91,21,388,4786,3699,393,0,457,0,0,237,0,237,2549,3620,1741,1879,ACS_Demographic_DC_CensusTract_161,0,0
